,delivery,batsman,bowler,extras_dict,non_striker,runs_dict,wicket_dict,wides,noballs,legbyes,byes,penalty,kind,player_out,fielders,runs,extras,total,team,city,date,gender,match_type,neutral_venue,winner,winType,winMargin,result,resultHow,resultTeam,non_boundary,ManOfMatch,overs,team1,team2,tossWinner,tossDecision,venue
0,0.1,DJ Jacobs,RP Singh,0,SR Tendulkar,"{'batsman': 0, 'extras': 0, 'total': 0}",0,0.0,0,0.0,0,0,0,0,0,0,0,0,Mumbai Indians,Mumbai,2011-04-15,male,T20,0,Kochi Tuskers Kerala,wickets,8,0,0,0,0,BB McCullum,20,Mumbai Indians,Kochi Tuskers Kerala,Kochi Tuskers Kerala,field,Wankhede Stadium
1,0.2,DJ Jacobs,RP Singh,0,SR Tendulkar,"{'batsman': 1, 'extras': 0, 'total': 1}",0,0.0,0,0.0,0,0,0,0,0,1,0,1,Mumbai Indians,Mumbai,2011-04-15,male,T20,0,Kochi Tuskers Kerala,wickets,8,0,0,0,0,BB McCullum,20,Mumbai Indians,Kochi Tuskers Kerala,Kochi Tuskers Kerala,field,Wankhede Stadium
2,0.3,SR Tendulkar,RP Singh,0,DJ Jacobs,"{'batsman': 0, 'extras': 0, 'total': 0}",0,0.0,0,0.0,0,0,0,0,0,0,0,0,Mumbai Indians,Mumbai,2011-04-15,male,T20,0,Kochi Tuskers Kerala,wickets,8,0,0,0,0,BB McCullum,20,Mumbai Indians,Kochi Tuskers Kerala,Kochi Tuskers Kerala,field,Wankhede Stadium
3,0.4,SR Tendulkar,RP Singh,0,DJ Jacobs,"{'batsman': 4, 'extras': 0, 'total': 4}",0,0.0,0,0.0,0,0,0,0,0,4,0,4,Mumbai Indians,Mumbai,2011-04-15,male,T20,0,Kochi Tuskers Kerala,wickets,8,0,0,0,0,BB McCullum,20,Mumbai Indians,Kochi Tuskers Kerala,Kochi Tuskers Kerala,field,Wankhede Stadium
4,0.5,SR Tendulkar,RP Singh,{'legbyes': 1},DJ Jacobs,"{'batsman': 0, 'extras': 1, 'total': 1}",0,0.0,0,1.0,0,0,0,0,0,0,1,1,Mumbai Indians,Mumbai,2011-04-15,male,T20,0,Kochi Tuskers Kerala,wickets,8,0,0,0,0,BB McCullum,20,Mumbai Indians,Kochi Tuskers Kerala,Kochi Tuskers Kerala,field,Wankhede Stadium
5,0.6,DJ Jacobs,RP Singh,{'legbyes': 1},SR Tendulkar,"{'batsman': 0, 'extras': 1, 'total': 1}",0,0.0,0,1.0,0,0,0,0,0,0,1,1,Mumbai Indians,Mumbai,2011-04-15,male,T20,0,Kochi Tuskers Kerala,wickets,8,0,0,0,0,BB McCullum,20,Mumbai Indians,Kochi Tuskers Kerala,Kochi Tuskers Kerala,field,Wankhede Stadium
6,1.1,DJ Jacobs,R Vinay Kumar,0,SR Tendulkar,"{'batsman': 0, 'extras': 0, 'total': 0}",0,0.0,0,0.0,0,0,0,0,0,0,0,0,Mumbai Indians,Mumbai,2011-04-15,male,T20,0,Kochi Tuskers Kerala,wickets,8,0,0,0,0,BB McCullum,20,Mumbai Indians,Kochi Tuskers Kerala,Kochi Tuskers Kerala,field,Wankhede Stadium
7,1.2,DJ Jacobs,R Vinay Kumar,{'legbyes': 1},SR Tendulkar,"{'batsman': 0, 'extras': 1, 'total': 1}",0,0.0,0,1.0,0,0,0,0,0,0,1,1,Mumbai Indians,Mumbai,2011-04-15,male,T20,0,Kochi Tuskers Kerala,wickets,8,0,0,0,0,BB McCullum,20,Mumbai Indians,Kochi Tuskers Kerala,Kochi Tuskers Kerala,field,Wankhede Stadium
8,1.3,SR Tendulkar,R Vinay Kumar,0,DJ Jacobs,"{'batsman': 4, 'extras': 0, 'total': 4}",0,0.0,0,0.0,0,0,0,0,0,4,0,4,Mumbai Indians,Mumbai,2011-04-15,male,T20,0,Kochi Tuskers Kerala,wickets,8,0,0,0,0,BB McCullum,20,Mumbai Indians,Kochi Tuskers Kerala,Kochi Tuskers Kerala,field,Wankhede Stadium
9,1.4,SR Tendulkar,R Vinay Kumar,0,DJ Jacobs,"{'batsman': 2, 'extras': 0, 'total': 2}",0,0.0,0,0.0,0,0,0,0,0,2,0,2,Mumbai Indians,Mumbai,2011-04-15,male,T20,0,Kochi Tuskers Kerala,wickets,8,0,0,0,0,BB McCullum,20,Mumbai Indians,Kochi Tuskers Kerala,Kochi Tuskers Kerala,field,Wankhede Stadium
10,1.5,SR Tendulkar,R Vinay Kumar,{'wides': 1},DJ Jacobs,"{'batsman': 0, 'extras': 1, 'total': 1}",0,1.0,0,0.0,0,0,0,0,0,0,1,1,Mumbai Indians,Mumbai,2011-04-15,male,T20,0,Kochi Tuskers Kerala,wickets,8,0,0,0,0,BB McCullum,20,Mumbai Indians,Kochi Tuskers Kerala,Kochi Tuskers Kerala,field,Wankhede Stadium
11,1.6,SR Tendulkar,R Vinay Kumar,0,DJ Jacobs,"{'batsman': 0, 'extras': 0, 'total': 0}",0,0.0,0,0.0,0,0,0,0,0,0,0,0,Mumbai Indians,Mumbai,2011-04-15,male,T20,0,Kochi Tuskers Kerala,wickets,8,0,0,0,0,BB McCullum,20,Mumbai Indians,Kochi Tuskers Kerala,Kochi Tuskers Kerala,field,Wankhede Stadium
12,1.7,SR Tendulkar,R Vinay Kumar,{'legbyes': 4},DJ Jacobs,"{'batsman': 0, 'extras': 4, 'total': 4}",0,0.0,0,4.0,0,0,0,0,0,0,4,4,Mumbai Indians,Mumbai,2011-04-15,male,T20,0,Kochi Tuskers Kerala,wickets,8,0,0,0,0,BB McCullum,20,Mumbai Indians,Kochi Tuskers Kerala,Kochi Tuskers Kerala,field,Wankhede Stadium
13,2.1,DJ Jacobs,RP Singh,0,SR Tendulkar,"{'batsman': 0, 'extras': 0, 'total': 0}",0,0.0,0,0.0,0,0,0,0,0,0,0,0,Mumbai Indians,Mumbai,2011-04-15,male,T20,0,Kochi Tuskers Kerala,wickets,8,0,0,0,0,BB McCullum,20,Mumbai Indians,Kochi Tuskers Kerala,Kochi Tuskers Kerala,field,Wankhede Stadium
14,2.2,DJ Jacobs,RP Singh,0,SR Tendulkar,"{'batsman': 1, 'extras': 0, 'total': 1}",0,0.0,0,0.0,0,0,0,0,0,1,0,1,Mumbai Indians,Mumbai,2011-04-15,male,T20,0,Kochi Tuskers Kerala,wickets,8,0,0,0,0,BB McCullum,20,Mumbai Indians,Kochi Tuskers Kerala,Kochi Tuskers Kerala,field,Wankhede Stadium
15,2.3,SR Tendulkar,RP Singh,0,DJ Jacobs,"{'batsman': 1, 'extras': 0, 'total': 1}",0,0.0,0,0.0,0,0,0,0,0,1,0,1,Mumbai Indians,Mumbai,2011-04-15,male,T20,0,Kochi Tuskers Kerala,wickets,8,0,0,0,0,BB McCullum,20,Mumbai Indians,Kochi Tuskers Kerala,Kochi Tuskers Kerala,field,Wankhede Stadium
16,2.4,DJ Jacobs,RP Singh,0,SR Tendulkar,"{'batsman': 0, 'extras': 0, 'total': 0}",0,0.0,0,0.0,0,0,0,0,0,0,0,0,Mumbai Indians,Mumbai,2011-04-15,male,T20,0,Kochi Tuskers Kerala,wickets,8,0,0,0,0,BB McCullum,20,Mumbai Indians,Kochi Tuskers Kerala,Kochi Tuskers Kerala,field,Wankhede Stadium
17,2.5,DJ Jacobs,RP Singh,0,SR Tendulkar,"{'batsman': 0, 'extras': 0, 'total': 0}",0,0.0,0,0.0,0,0,0,0,0,0,0,0,Mumbai Indians,Mumbai,2011-04-15,male,T20,0,Kochi Tuskers Kerala,wickets,8,0,0,0,0,BB McCullum,20,Mumbai Indians,Kochi Tuskers Kerala,Kochi Tuskers Kerala,field,Wankhede Stadium
18,2.6,DJ Jacobs,RP Singh,0,SR Tendulkar,"{'batsman': 0, 'extras': 0, 'total': 0}",0,0.0,0,0.0,0,0,0,0,0,0,0,0,Mumbai Indians,Mumbai,2011-04-15,male,T20,0,Kochi Tuskers Kerala,wickets,8,0,0,0,0,BB McCullum,20,Mumbai Indians,Kochi Tuskers Kerala,Kochi Tuskers Kerala,field,Wankhede Stadium
19,3.1,SR Tendulkar,R Vinay Kumar,0,DJ Jacobs,"{'batsman': 0, 'extras': 0, 'total': 0}",0,0.0,0,0.0,0,0,0,0,0,0,0,0,Mumbai Indians,Mumbai,2011-04-15,male,T20,0,Kochi Tuskers Kerala,wickets,8,0,0,0,0,BB McCullum,20,Mumbai Indians,Kochi Tuskers Kerala,Kochi Tuskers Kerala,field,Wankhede Stadium
20,3.2,SR Tendulkar,R Vinay Kumar,0,DJ Jacobs,"{'batsman': 0, 'extras': 0, 'total': 0}",0,0.0,0,0.0,0,0,0,0,0,0,0,0,Mumbai Indians,Mumbai,2011-04-15,male,T20,0,Kochi Tuskers Kerala,wickets,8,0,0,0,0,BB McCullum,20,Mumbai Indians,Kochi Tuskers Kerala,Kochi Tuskers Kerala,field,Wankhede Stadium
21,3.3,SR Tendulkar,R Vinay Kumar,0,DJ Jacobs,"{'batsman': 1, 'extras': 0, 'total': 1}",0,0.0,0,0.0,0,0,0,0,0,1,0,1,Mumbai Indians,Mumbai,2011-04-15,male,T20,0,Kochi Tuskers Kerala,wickets,8,0,0,0,0,BB McCullum,20,Mumbai Indians,Kochi Tuskers Kerala,Kochi Tuskers Kerala,field,Wankhede Stadium
22,3.4,DJ Jacobs,R Vinay Kumar,0,SR Tendulkar,"{'batsman': 1, 'extras': 0, 'total': 1}",0,0.0,0,0.0,0,0,0,0,0,1,0,1,Mumbai Indians,Mumbai,2011-04-15,male,T20,0,Kochi Tuskers Kerala,wickets,8,0,0,0,0,BB McCullum,20,Mumbai Indians,Kochi Tuskers Kerala,Kochi Tuskers Kerala,field,Wankhede Stadium
23,3.5,SR Tendulkar,R Vinay Kumar,0,DJ Jacobs,"{'batsman': 4, 'extras': 0, 'total': 4}",0,0.0,0,0.0,0,0,0,0,0,4,0,4,Mumbai Indians,Mumbai,2011-04-15,male,T20,0,Kochi Tuskers Kerala,wickets,8,0,0,0,0,BB McCullum,20,Mumbai Indians,Kochi Tuskers Kerala,Kochi Tuskers Kerala,field,Wankhede Stadium
24,3.6,SR Tendulkar,R Vinay Kumar,0,DJ Jacobs,"{'batsman': 4, 'extras': 0, 'total': 4}",0,0.0,0,0.0,0,0,0,0,0,4,0,4,Mumbai Indians,Mumbai,2011-04-15,male,T20,0,Kochi Tuskers Kerala,wickets,8,0,0,0,0,BB McCullum,20,Mumbai Indians,Kochi Tuskers Kerala,Kochi Tuskers Kerala,field,Wankhede Stadium
25,4.1,DJ Jacobs,RP Singh,0,SR Tendulkar,"{'batsman': 0, 'extras': 0, 'total': 0}",0,0.0,0,0.0,0,0,0,0,0,0,0,0,Mumbai Indians,Mumbai,2011-04-15,male,T20,0,Kochi Tuskers Kerala,wickets,8,0,0,0,0,BB McCullum,20,Mumbai Indians,Kochi Tuskers Kerala,Kochi Tuskers Kerala,field,Wankhede Stadium
26,4.2,DJ Jacobs,RP Singh,{'legbyes': 1},SR Tendulkar,"{'batsman': 0, 'extras': 1, 'total': 1}",0,0.0,0,1.0,0,0,0,0,0,0,1,1,Mumbai Indians,Mumbai,2011-04-15,male,T20,0,Kochi Tuskers Kerala,wickets,8,0,0,0,0,BB McCullum,20,Mumbai Indians,Kochi Tuskers Kerala,Kochi Tuskers Kerala,field,Wankhede Stadium
27,4.3,SR Tendulkar,RP Singh,0,DJ Jacobs,"{'batsman': 2, 'extras': 0, 'total': 2}",0,0.0,0,0.0,0,0,0,0,0,2,0,2,Mumbai Indians,Mumbai,2011-04-15,male,T20,0,Kochi Tuskers Kerala,wickets,8,0,0,0,0,BB McCullum,20,Mumbai Indians,Kochi Tuskers Kerala,Kochi Tuskers Kerala,field,Wankhede Stadium
28,4.4,SR Tendulkar,RP Singh,0,DJ Jacobs,"{'batsman': 0, 'extras': 0, 'total': 0}",0,0.0,0,0.0,0,0,0,0,0,0,0,0,Mumbai Indians,Mumbai,2011-04-15,male,T20,0,Kochi Tuskers Kerala,wickets,8,0,0,0,0,BB McCullum,20,Mumbai Indians,Kochi Tuskers Kerala,Kochi Tuskers Kerala,field,Wankhede Stadium
29,4.5,SR Tendulkar,RP Singh,0,DJ Jacobs,"{'batsman': 1, 'extras': 0, 'total': 1}",0,0.0,0,0.0,0,0,0,0,0,1,0,1,Mumbai Indians,Mumbai,2011-04-15,male,T20,0,Kochi Tuskers Kerala,wickets,8,0,0,0,0,BB McCullum,20,Mumbai Indians,Kochi Tuskers Kerala,Kochi Tuskers Kerala,field,Wankhede Stadium
30,4.6,DJ Jacobs,RP Singh,0,SR Tendulkar,"{'batsman': 0, 'extras': 0, 'total': 0}",0,0.0,0,0.0,0,0,0,0,0,0,0,0,Mumbai Indians,Mumbai,2011-04-15,male,T20,0,Kochi Tuskers Kerala,wickets,8,0,0,0,0,BB McCullum,20,Mumbai Indians,Kochi Tuskers Kerala,Kochi Tuskers Kerala,field,Wankhede Stadium
31,5.1,SR Tendulkar,NLTC Perera,0,DJ Jacobs,"{'batsman': 4, 'extras': 0, 'total': 4}",0,0.0,0,0.0,0,0,0,0,0,4,0,4,Mumbai Indians,Mumbai,2011-04-15,male,T20,0,Kochi Tuskers Kerala,wickets,8,0,0,0,0,BB McCullum,20,Mumbai Indians,Kochi Tuskers Kerala,Kochi Tuskers Kerala,field,Wankhede Stadium
32,5.2,SR Tendulkar,NLTC Perera,0,DJ Jacobs,"{'batsman': 4, 'extras': 0, 'total': 4}",0,0.0,0,0.0,0,0,0,0,0,4,0,4,Mumbai Indians,Mumbai,2011-04-15,male,T20,0,Kochi Tuskers Kerala,wickets,8,0,0,0,0,BB McCullum,20,Mumbai Indians,Kochi Tuskers Kerala,Kochi Tuskers Kerala,field,Wankhede Stadium
33,5.3,SR Tendulkar,NLTC Perera,0,DJ Jacobs,"{'batsman': 0, 'extras': 0, 'total': 0}",0,0.0,0,0.0,0,0,0,0,0,0,0,0,Mumbai Indians,Mumbai,2011-04-15,male,T20,0,Kochi Tuskers Kerala,wickets,8,0,0,0,0,BB McCullum,20,Mumbai Indians,Kochi Tuskers Kerala,Kochi Tuskers Kerala,field,Wankhede Stadium
34,5.4,SR Tendulkar,NLTC Perera,0,DJ Jacobs,"{'batsman': 0, 'extras': 0, 'total': 0}",0,0.0,0,0.0,0,0,0,0,0,0,0,0,Mumbai Indians,Mumbai,2011-04-15,male,T20,0,Kochi Tuskers Kerala,wickets,8,0,0,0,0,BB McCullum,20,Mumbai Indians,Kochi Tuskers Kerala,Kochi Tuskers Kerala,field,Wankhede Stadium
35,5.5,SR Tendulkar,NLTC Perera,0,DJ Jacobs,"{'batsman': 0, 'extras': 0, 'total': 0}",0,0.0,0,0.0,0,0,0,0,0,0,0,0,Mumbai Indians,Mumbai,2011-04-15,male,T20,0,Kochi Tuskers Kerala,wickets,8,0,0,0,0,BB McCullum,20,Mumbai Indians,Kochi Tuskers Kerala,Kochi Tuskers Kerala,field,Wankhede Stadium
36,5.6,SR Tendulkar,NLTC Perera,{'legbyes': 1},DJ Jacobs,"{'batsman': 0, 'extras': 1, 'total': 1}",0,0.0,0,1.0,0,0,0,0,0,0,1,1,Mumbai Indians,Mumbai,2011-04-15,male,T20,0,Kochi Tuskers Kerala,wickets,8,0,0,0,0,BB McCullum,20,Mumbai Indians,Kochi Tuskers Kerala,Kochi Tuskers Kerala,field,Wankhede Stadium
37,6.1,SR Tendulkar,RV Gomez,{'wides': 1},DJ Jacobs,"{'batsman': 0, 'extras': 1, 'total': 1}",0,1.0,0,0.0,0,0,0,0,0,0,1,1,Mumbai Indians,Mumbai,2011-04-15,male,T20,0,Kochi Tuskers Kerala,wickets,8,0,0,0,0,BB McCullum,20,Mumbai Indians,Kochi Tuskers Kerala,Kochi Tuskers Kerala,field,Wankhede Stadium
38,6.2,SR Tendulkar,RV Gomez,{'legbyes': 1},DJ Jacobs,"{'batsman': 0, 'extras': 1, 'total': 1}",0,0.0,0,1.0,0,0,0,0,0,0,1,1,Mumbai Indians,Mumbai,2011-04-15,male,T20,0,Kochi Tuskers Kerala,wickets,8,0,0,0,0,BB McCullum,20,Mumbai Indians,Kochi Tuskers Kerala,Kochi Tuskers Kerala,field,Wankhede Stadium
39,6.3,DJ Jacobs,RV Gomez,0,SR Tendulkar,"{'batsman': 0, 'extras': 0, 'total': 0}",0,0.0,0,0.0,0,0,0,0,0,0,0,0,Mumbai Indians,Mumbai,2011-04-15,male,T20,0,Kochi Tuskers Kerala,wickets,8,0,0,0,0,BB McCullum,20,Mumbai Indians,Kochi Tuskers Kerala,Kochi Tuskers Kerala,field,Wankhede Stadium
40,6.4,DJ Jacobs,RV Gomez,0,SR Tendulkar,"{'batsman': 1, 'extras': 0, 'total': 1}",0,0.0,0,0.0,0,0,0,0,0,1,0,1,Mumbai Indians,Mumbai,2011-04-15,male,T20,0,Kochi Tuskers Kerala,wickets,8,0,0,0,0,BB McCullum,20,Mumbai Indians,Kochi Tuskers Kerala,Kochi Tuskers Kerala,field,Wankhede Stadium
41,6.5,SR Tendulkar,RV Gomez,0,DJ Jacobs,"{'batsman': 0, 'extras': 0, 'total': 0}",0,0.0,0,0.0,0,0,0,0,0,0,0,0,Mumbai Indians,Mumbai,2011-04-15,male,T20,0,Kochi Tuskers Kerala,wickets,8,0,0,0,0,BB McCullum,20,Mumbai Indians,Kochi Tuskers Kerala,Kochi Tuskers Kerala,field,Wankhede Stadium
42,6.6,SR Tendulkar,RV Gomez,0,DJ Jacobs,"{'batsman': 0, 'extras': 0, 'total': 0}",0,0.0,0,0.0,0,0,0,0,0,0,0,0,Mumbai Indians,Mumbai,2011-04-15,male,T20,0,Kochi Tuskers Kerala,wickets,8,0,0,0,0,BB McCullum,20,Mumbai Indians,Kochi Tuskers Kerala,Kochi Tuskers Kerala,field,Wankhede Stadium
43,6.7,SR Tendulkar,RV Gomez,0,DJ Jacobs,"{'batsman': 1, 'extras': 0, 'total': 1}",0,0.0,0,0.0,0,0,0,0,0,1,0,1,Mumbai Indians,Mumbai,2011-04-15,male,T20,0,Kochi Tuskers Kerala,wickets,8,0,0,0,0,BB McCullum,20,Mumbai Indians,Kochi Tuskers Kerala,Kochi Tuskers Kerala,field,Wankhede Stadium
44,7.1,SR Tendulkar,NLTC Perera,0,DJ Jacobs,"{'batsman': 1, 'extras': 0, 'total': 1}",0,0.0,0,0.0,0,0,0,0,0,1,0,1,Mumbai Indians,Mumbai,2011-04-15,male,T20,0,Kochi Tuskers Kerala,wickets,8,0,0,0,0,BB McCullum,20,Mumbai Indians,Kochi Tuskers Kerala,Kochi Tuskers Kerala,field,Wankhede Stadium
45,7.2,DJ Jacobs,NLTC Perera,{'wides': 1},SR Tendulkar,"{'batsman': 0, 'extras': 1, 'total': 1}",0,1.0,0,0.0,0,0,0,0,0,0,1,1,Mumbai Indians,Mumbai,2011-04-15,male,T20,0,Kochi Tuskers Kerala,wickets,8,0,0,0,0,BB McCullum,20,Mumbai Indians,Kochi Tuskers Kerala,Kochi Tuskers Kerala,field,Wankhede Stadium
46,7.3,DJ Jacobs,NLTC Perera,0,SR Tendulkar,"{'batsman': 2, 'extras': 0, 'total': 2}",0,0.0,0,0.0,0,0,0,0,0,2,0,2,Mumbai Indians,Mumbai,2011-04-15,male,T20,0,Kochi Tuskers Kerala,wickets,8,0,0,0,0,BB McCullum,20,Mumbai Indians,Kochi Tuskers Kerala,Kochi Tuskers Kerala,field,Wankhede Stadium
47,7.4,DJ Jacobs,NLTC Perera,0,SR Tendulkar,"{'batsman': 1, 'extras': 0, 'total': 1}",0,0.0,0,0.0,0,0,0,0,0,1,0,1,Mumbai Indians,Mumbai,2011-04-15,male,T20,0,Kochi Tuskers Kerala,wickets,8,0,0,0,0,BB McCullum,20,Mumbai Indians,Kochi Tuskers Kerala,Kochi Tuskers Kerala,field,Wankhede Stadium
48,7.5,SR Tendulkar,NLTC Perera,0,DJ Jacobs,"{'batsman': 1, 'extras': 0, 'total': 1}",0,0.0,0,0.0,0,0,0,0,0,1,0,1,Mumbai Indians,Mumbai,2011-04-15,male,T20,0,Kochi Tuskers Kerala,wickets,8,0,0,0,0,BB McCullum,20,Mumbai Indians,Kochi Tuskers Kerala,Kochi Tuskers Kerala,field,Wankhede Stadium
49,7.6,DJ Jacobs,NLTC Perera,0,SR Tendulkar,"{'batsman': 1, 'extras': 0, 'total': 1}",0,0.0,0,0.0,0,0,0,0,0,1,0,1,Mumbai Indians,Mumbai,2011-04-15,male,T20,0,Kochi Tuskers Kerala,wickets,8,0,0,0,0,BB McCullum,20,Mumbai Indians,Kochi Tuskers Kerala,Kochi Tuskers Kerala,field,Wankhede Stadium
50,7.7,SR Tendulkar,NLTC Perera,0,DJ Jacobs,"{'batsman': 2, 'extras': 0, 'total': 2}",0,0.0,0,0.0,0,0,0,0,0,2,0,2,Mumbai Indians,Mumbai,2011-04-15,male,T20,0,Kochi Tuskers Kerala,wickets,8,0,0,0,0,BB McCullum,20,Mumbai Indians,Kochi Tuskers Kerala,Kochi Tuskers Kerala,field,Wankhede Stadium
51,8.1,DJ Jacobs,RV Gomez,0,SR Tendulkar,"{'batsman': 4, 'extras': 0, 'total': 4}",0,0.0,0,0.0,0,0,0,0,0,4,0,4,Mumbai Indians,Mumbai,2011-04-15,male,T20,0,Kochi Tuskers Kerala,wickets,8,0,0,0,0,BB McCullum,20,Mumbai Indians,Kochi Tuskers Kerala,Kochi Tuskers Kerala,field,Wankhede Stadium
52,8.2,DJ Jacobs,RV Gomez,0,SR Tendulkar,"{'batsman': 0, 'extras': 0, 'total': 0}","{'kind': 'bowled', 'player_out': 'DJ Jacobs'}",0.0,0,0.0,0,0,bowled,DJ Jacobs,0,0,0,0,Mumbai Indians,Mumbai,2011-04-15,male,T20,0,Kochi Tuskers Kerala,wickets,8,0,0,0,0,BB McCullum,20,Mumbai Indians,Kochi Tuskers Kerala,Kochi Tuskers Kerala,field,Wankhede Stadium
53,8.3,AT Rayudu,RV Gomez,0,SR Tendulkar,"{'batsman': 1, 'extras': 0, 'total': 1}",0,0.0,0,0.0,0,0,0,0,0,1,0,1,Mumbai Indians,Mumbai,2011-04-15,male,T20,0,Kochi Tuskers Kerala,wickets,8,0,0,0,0,BB McCullum,20,Mumbai Indians,Kochi Tuskers Kerala,Kochi Tuskers Kerala,field,Wankhede Stadium
54,8.4,SR Tendulkar,RV Gomez,0,AT Rayudu,"{'batsman': 2, 'extras': 0, 'total': 2}",0,0.0,0,0.0,0,0,0,0,0,2,0,2,Mumbai Indians,Mumbai,2011-04-15,male,T20,0,Kochi Tuskers Kerala,wickets,8,0,0,0,0,BB McCullum,20,Mumbai Indians,Kochi Tuskers Kerala,Kochi Tuskers Kerala,field,Wankhede Stadium
55,8.5,SR Tendulkar,RV Gomez,0,AT Rayudu,"{'batsman': 1, 'extras': 0, 'total': 1}",0,0.0,0,0.0,0,0,0,0,0,1,0,1,Mumbai Indians,Mumbai,2011-04-15,male,T20,0,Kochi Tuskers Kerala,wickets,8,0,0,0,0,BB McCullum,20,Mumbai Indians,Kochi Tuskers Kerala,Kochi Tuskers Kerala,field,Wankhede Stadium
56,8.6,AT Rayudu,RV Gomez,0,SR Tendulkar,"{'batsman': 0, 'extras': 0, 'total': 0}",0,0.0,0,0.0,0,0,0,0,0,0,0,0,Mumbai Indians,Mumbai,2011-04-15,male,T20,0,Kochi Tuskers Kerala,wickets,8,0,0,0,0,BB McCullum,20,Mumbai Indians,Kochi Tuskers Kerala,Kochi Tuskers Kerala,field,Wankhede Stadium
57,9.1,SR Tendulkar,RA Jadeja,0,AT Rayudu,"{'batsman': 0, 'extras': 0, 'total': 0}",0,0.0,0,0.0,0,0,0,0,0,0,0,0,Mumbai Indians,Mumbai,2011-04-15,male,T20,0,Kochi Tuskers Kerala,wickets,8,0,0,0,0,BB McCullum,20,Mumbai Indians,Kochi Tuskers Kerala,Kochi Tuskers Kerala,field,Wankhede Stadium
58,9.2,SR Tendulkar,RA Jadeja,0,AT Rayudu,"{'batsman': 1, 'extras': 0, 'total': 1}",0,0.0,0,0.0,0,0,0,0,0,1,0,1,Mumbai Indians,Mumbai,2011-04-15,male,T20,0,Kochi Tuskers Kerala,wickets,8,0,0,0,0,BB McCullum,20,Mumbai Indians,Kochi Tuskers Kerala,Kochi Tuskers Kerala,field,Wankhede Stadium
59,9.3,AT Rayudu,RA Jadeja,0,SR Tendulkar,"{'batsman': 1, 'extras': 0, 'total': 1}",0,0.0,0,0.0,0,0,0,0,0,1,0,1,Mumbai Indians,Mumbai,2011-04-15,male,T20,0,Kochi Tuskers Kerala,wickets,8,0,0,0,0,BB McCullum,20,Mumbai Indians,Kochi Tuskers Kerala,Kochi Tuskers Kerala,field,Wankhede Stadium
60,9.4,SR Tendulkar,RA Jadeja,0,AT Rayudu,"{'batsman': 2, 'extras': 0, 'total': 2}",0,0.0,0,0.0,0,0,0,0,0,2,0,2,Mumbai Indians,Mumbai,2011-04-15,male,T20,0,Kochi Tuskers Kerala,wickets,8,0,0,0,0,BB McCullum,20,Mumbai Indians,Kochi Tuskers Kerala,Kochi Tuskers Kerala,field,Wankhede Stadium
61,9.5,SR Tendulkar,RA Jadeja,0,AT Rayudu,"{'batsman': 1, 'extras': 0, 'total': 1}",0,0.0,0,0.0,0,0,0,0,0,1,0,1,Mumbai Indians,Mumbai,2011-04-15,male,T20,0,Kochi Tuskers Kerala,wickets,8,0,0,0,0,BB McCullum,20,Mumbai Indians,Kochi Tuskers Kerala,Kochi Tuskers Kerala,field,Wankhede Stadium
62,9.6,AT Rayudu,RA Jadeja,0,SR Tendulkar,"{'batsman': 1, 'extras': 0, 'total': 1}",0,0.0,0,0.0,0,0,0,0,0,1,0,1,Mumbai Indians,Mumbai,2011-04-15,male,T20,0,Kochi Tuskers Kerala,wickets,8,0,0,0,0,BB McCullum,20,Mumbai Indians,Kochi Tuskers Kerala,Kochi Tuskers Kerala,field,Wankhede Stadium
63,10.1,AT Rayudu,RV Gomez,0,SR Tendulkar,"{'batsman': 0, 'extras': 0, 'total': 0}",0,0.0,0,0.0,0,0,0,0,0,0,0,0,Mumbai Indians,Mumbai,2011-04-15,male,T20,0,Kochi Tuskers Kerala,wickets,8,0,0,0,0,BB McCullum,20,Mumbai Indians,Kochi Tuskers Kerala,Kochi Tuskers Kerala,field,Wankhede Stadium
64,10.2,AT Rayudu,RV Gomez,0,SR Tendulkar,"{'batsman': 6, 'extras': 0, 'total': 6}",0,0.0,0,0.0,0,0,0,0,0,6,0,6,Mumbai Indians,Mumbai,2011-04-15,male,T20,0,Kochi Tuskers Kerala,wickets,8,0,0,0,0,BB McCullum,20,Mumbai Indians,Kochi Tuskers Kerala,Kochi Tuskers Kerala,field,Wankhede Stadium
65,10.3,AT Rayudu,RV Gomez,0,SR Tendulkar,"{'batsman': 6, 'extras': 0, 'total': 6}",0,0.0,0,0.0,0,0,0,0,0,6,0,6,Mumbai Indians,Mumbai,2011-04-15,male,T20,0,Kochi Tuskers Kerala,wickets,8,0,0,0,0,BB McCullum,20,Mumbai Indians,Kochi Tuskers Kerala,Kochi Tuskers Kerala,field,Wankhede Stadium
66,10.4,AT Rayudu,RV Gomez,0,SR Tendulkar,"{'batsman': 1, 'extras': 0, 'total': 1}",0,0.0,0,0.0,0,0,0,0,0,1,0,1,Mumbai Indians,Mumbai,2011-04-15,male,T20,0,Kochi Tuskers Kerala,wickets,8,0,0,0,0,BB McCullum,20,Mumbai Indians,Kochi Tuskers Kerala,Kochi Tuskers Kerala,field,Wankhede Stadium
67,10.5,SR Tendulkar,RV Gomez,0,AT Rayudu,"{'batsman': 4, 'extras': 0, 'total': 4}",0,0.0,0,0.0,0,0,0,0,0,4,0,4,Mumbai Indians,Mumbai,2011-04-15,male,T20,0,Kochi Tuskers Kerala,wickets,8,0,0,0,0,BB McCullum,20,Mumbai Indians,Kochi Tuskers Kerala,Kochi Tuskers Kerala,field,Wankhede Stadium
68,10.6,SR Tendulkar,RV Gomez,0,AT Rayudu,"{'batsman': 1, 'extras': 0, 'total': 1}",0,0.0,0,0.0,0,0,0,0,0,1,0,1,Mumbai Indians,Mumbai,2011-04-15,male,T20,0,Kochi Tuskers Kerala,wickets,8,0,0,0,0,BB McCullum,20,Mumbai Indians,Kochi Tuskers Kerala,Kochi Tuskers Kerala,field,Wankhede Stadium
69,11.1,SR Tendulkar,RA Jadeja,0,AT Rayudu,"{'batsman': 1, 'extras': 0, 'total': 1}",0,0.0,0,0.0,0,0,0,0,0,1,0,1,Mumbai Indians,Mumbai,2011-04-15,male,T20,0,Kochi Tuskers Kerala,wickets,8,0,0,0,0,BB McCullum,20,Mumbai Indians,Kochi Tuskers Kerala,Kochi Tuskers Kerala,field,Wankhede Stadium
70,11.2,AT Rayudu,RA Jadeja,0,SR Tendulkar,"{'batsman': 0, 'extras': 0, 'total': 0}",0,0.0,0,0.0,0,0,0,0,0,0,0,0,Mumbai Indians,Mumbai,2011-04-15,male,T20,0,Kochi Tuskers Kerala,wickets,8,0,0,0,0,BB McCullum,20,Mumbai Indians,Kochi Tuskers Kerala,Kochi Tuskers Kerala,field,Wankhede Stadium
71,11.3,AT Rayudu,RA Jadeja,0,SR Tendulkar,"{'batsman': 0, 'extras': 0, 'total': 0}",0,0.0,0,0.0,0,0,0,0,0,0,0,0,Mumbai Indians,Mumbai,2011-04-15,male,T20,0,Kochi Tuskers Kerala,wickets,8,0,0,0,0,BB McCullum,20,Mumbai Indians,Kochi Tuskers Kerala,Kochi Tuskers Kerala,field,Wankhede Stadium
72,11.4,AT Rayudu,RA Jadeja,0,SR Tendulkar,"{'batsman': 1, 'extras': 0, 'total': 1}",0,0.0,0,0.0,0,0,0,0,0,1,0,1,Mumbai Indians,Mumbai,2011-04-15,male,T20,0,Kochi Tuskers Kerala,wickets,8,0,0,0,0,BB McCullum,20,Mumbai Indians,Kochi Tuskers Kerala,Kochi Tuskers Kerala,field,Wankhede Stadium
73,11.5,SR Tendulkar,RA Jadeja,0,AT Rayudu,"{'batsman': 0, 'extras': 0, 'total': 0}",0,0.0,0,0.0,0,0,0,0,0,0,0,0,Mumbai Indians,Mumbai,2011-04-15,male,T20,0,Kochi Tuskers Kerala,wickets,8,0,0,0,0,BB McCullum,20,Mumbai Indians,Kochi Tuskers Kerala,Kochi Tuskers Kerala,field,Wankhede Stadium
74,11.6,SR Tendulkar,RA Jadeja,0,AT Rayudu,"{'batsman': 0, 'extras': 0, 'total': 0}",0,0.0,0,0.0,0,0,0,0,0,0,0,0,Mumbai Indians,Mumbai,2011-04-15,male,T20,0,Kochi Tuskers Kerala,wickets,8,0,0,0,0,BB McCullum,20,Mumbai Indians,Kochi Tuskers Kerala,Kochi Tuskers Kerala,field,Wankhede Stadium
75,12.1,AT Rayudu,NLTC Perera,0,SR Tendulkar,"{'batsman': 1, 'extras': 0, 'total': 1}",0,0.0,0,0.0,0,0,0,0,0,1,0,1,Mumbai Indians,Mumbai,2011-04-15,male,T20,0,Kochi Tuskers Kerala,wickets,8,0,0,0,0,BB McCullum,20,Mumbai Indians,Kochi Tuskers Kerala,Kochi Tuskers Kerala,field,Wankhede Stadium
76,12.2,SR Tendulkar,NLTC Perera,0,AT Rayudu,"{'batsman': 0, 'extras': 0, 'total': 0}",0,0.0,0,0.0,0,0,0,0,0,0,0,0,Mumbai Indians,Mumbai,2011-04-15,male,T20,0,Kochi Tuskers Kerala,wickets,8,0,0,0,0,BB McCullum,20,Mumbai Indians,Kochi Tuskers Kerala,Kochi Tuskers Kerala,field,Wankhede Stadium
77,12.3,SR Tendulkar,NLTC Perera,{'legbyes': 1},AT Rayudu,"{'batsman': 0, 'extras': 1, 'total': 1}",0,0.0,0,1.0,0,0,0,0,0,0,1,1,Mumbai Indians,Mumbai,2011-04-15,male,T20,0,Kochi Tuskers Kerala,wickets,8,0,0,0,0,BB McCullum,20,Mumbai Indians,Kochi Tuskers Kerala,Kochi Tuskers Kerala,field,Wankhede Stadium
78,12.4,AT Rayudu,NLTC Perera,0,SR Tendulkar,"{'batsman': 0, 'extras': 0, 'total': 0}",0,0.0,0,0.0,0,0,0,0,0,0,0,0,Mumbai Indians,Mumbai,2011-04-15,male,T20,0,Kochi Tuskers Kerala,wickets,8,0,0,0,0,BB McCullum,20,Mumbai Indians,Kochi Tuskers Kerala,Kochi Tuskers Kerala,field,Wankhede Stadium
79,12.5,AT Rayudu,NLTC Perera,0,SR Tendulkar,"{'batsman': 6, 'extras': 0, 'total': 6}",0,0.0,0,0.0,0,0,0,0,0,6,0,6,Mumbai Indians,Mumbai,2011-04-15,male,T20,0,Kochi Tuskers Kerala,wickets,8,0,0,0,0,BB McCullum,20,Mumbai Indians,Kochi Tuskers Kerala,Kochi Tuskers Kerala,field,Wankhede Stadium
80,12.6,AT Rayudu,NLTC Perera,0,SR Tendulkar,"{'batsman': 0, 'extras': 0, 'total': 0}",0,0.0,0,0.0,0,0,0,0,0,0,0,0,Mumbai Indians,Mumbai,2011-04-15,male,T20,0,Kochi Tuskers Kerala,wickets,8,0,0,0,0,BB McCullum,20,Mumbai Indians,Kochi Tuskers Kerala,Kochi Tuskers Kerala,field,Wankhede Stadium
81,13.1,SR Tendulkar,RA Jadeja,0,AT Rayudu,"{'batsman': 1, 'extras': 0, 'total': 1}",0,0.0,0,0.0,0,0,0,0,0,1,0,1,Mumbai Indians,Mumbai,2011-04-15,male,T20,0,Kochi Tuskers Kerala,wickets,8,0,0,0,0,BB McCullum,20,Mumbai Indians,Kochi Tuskers Kerala,Kochi Tuskers Kerala,field,Wankhede Stadium
82,13.2,AT Rayudu,RA Jadeja,0,SR Tendulkar,"{'batsman': 4, 'extras': 0, 'total': 4}",0,0.0,0,0.0,0,0,0,0,0,4,0,4,Mumbai Indians,Mumbai,2011-04-15,male,T20,0,Kochi Tuskers Kerala,wickets,8,0,0,0,0,BB McCullum,20,Mumbai Indians,Kochi Tuskers Kerala,Kochi Tuskers Kerala,field,Wankhede Stadium
83,13.3,AT Rayudu,RA Jadeja,0,SR Tendulkar,"{'batsman': 0, 'extras': 0, 'total': 0}",0,0.0,0,0.0,0,0,0,0,0,0,0,0,Mumbai Indians,Mumbai,2011-04-15,male,T20,0,Kochi Tuskers Kerala,wickets,8,0,0,0,0,BB McCullum,20,Mumbai Indians,Kochi Tuskers Kerala,Kochi Tuskers Kerala,field,Wankhede Stadium
84,13.4,AT Rayudu,RA Jadeja,0,SR Tendulkar,"{'batsman': 4, 'extras': 0, 'total': 4}",0,0.0,0,0.0,0,0,0,0,0,4,0,4,Mumbai Indians,Mumbai,2011-04-15,male,T20,0,Kochi Tuskers Kerala,wickets,8,0,0,0,0,BB McCullum,20,Mumbai Indians,Kochi Tuskers Kerala,Kochi Tuskers Kerala,field,Wankhede Stadium
85,13.5,AT Rayudu,RA Jadeja,0,SR Tendulkar,"{'batsman': 1, 'extras': 0, 'total': 1}",0,0.0,0,0.0,0,0,0,0,0,1,0,1,Mumbai Indians,Mumbai,2011-04-15,male,T20,0,Kochi Tuskers Kerala,wickets,8,0,0,0,0,BB McCullum,20,Mumbai Indians,Kochi Tuskers Kerala,Kochi Tuskers Kerala,field,Wankhede Stadium
86,13.6,SR Tendulkar,RA Jadeja,0,AT Rayudu,"{'batsman': 4, 'extras': 0, 'total': 4}",0,0.0,0,0.0,0,0,0,0,0,4,0,4,Mumbai Indians,Mumbai,2011-04-15,male,T20,0,Kochi Tuskers Kerala,wickets,8,0,0,0,0,BB McCullum,20,Mumbai Indians,Kochi Tuskers Kerala,Kochi Tuskers Kerala,field,Wankhede Stadium
87,14.1,AT Rayudu,RR Powar,0,SR Tendulkar,"{'batsman': 4, 'extras': 0, 'total': 4}",0,0.0,0,0.0,0,0,0,0,0,4,0,4,Mumbai Indians,Mumbai,2011-04-15,male,T20,0,Kochi Tuskers Kerala,wickets,8,0,0,0,0,BB McCullum,20,Mumbai Indians,Kochi Tuskers Kerala,Kochi Tuskers Kerala,field,Wankhede Stadium
88,14.2,AT Rayudu,RR Powar,0,SR Tendulkar,"{'batsman': 0, 'extras': 0, 'total': 0}",0,0.0,0,0.0,0,0,0,0,0,0,0,0,Mumbai Indians,Mumbai,2011-04-15,male,T20,0,Kochi Tuskers Kerala,wickets,8,0,0,0,0,BB McCullum,20,Mumbai Indians,Kochi Tuskers Kerala,Kochi Tuskers Kerala,field,Wankhede Stadium
89,14.3,AT Rayudu,RR Powar,0,SR Tendulkar,"{'batsman': 1, 'extras': 0, 'total': 1}",0,0.0,0,0.0,0,0,0,0,0,1,0,1,Mumbai Indians,Mumbai,2011-04-15,male,T20,0,Kochi Tuskers Kerala,wickets,8,0,0,0,0,BB McCullum,20,Mumbai Indians,Kochi Tuskers Kerala,Kochi Tuskers Kerala,field,Wankhede Stadium
90,14.4,SR Tendulkar,RR Powar,0,AT Rayudu,"{'batsman': 1, 'extras': 0, 'total': 1}",0,0.0,0,0.0,0,0,0,0,0,1,0,1,Mumbai Indians,Mumbai,2011-04-15,male,T20,0,Kochi Tuskers Kerala,wickets,8,0,0,0,0,BB McCullum,20,Mumbai Indians,Kochi Tuskers Kerala,Kochi Tuskers Kerala,field,Wankhede Stadium
91,14.5,AT Rayudu,RR Powar,0,SR Tendulkar,"{'batsman': 0, 'extras': 0, 'total': 0}",0,0.0,0,0.0,0,0,0,0,0,0,0,0,Mumbai Indians,Mumbai,2011-04-15,male,T20,0,Kochi Tuskers Kerala,wickets,8,0,0,0,0,BB McCullum,20,Mumbai Indians,Kochi Tuskers Kerala,Kochi Tuskers Kerala,field,Wankhede Stadium
92,14.6,AT Rayudu,RR Powar,0,SR Tendulkar,"{'batsman': 6, 'extras': 0, 'total': 6}",0,0.0,0,0.0,0,0,0,0,0,6,0,6,Mumbai Indians,Mumbai,2011-04-15,male,T20,0,Kochi Tuskers Kerala,wickets,8,0,0,0,0,BB McCullum,20,Mumbai Indians,Kochi Tuskers Kerala,Kochi Tuskers Kerala,field,Wankhede Stadium
93,15.1,SR Tendulkar,R Vinay Kumar,0,AT Rayudu,"{'batsman': 0, 'extras': 0, 'total': 0}",0,0.0,0,0.0,0,0,0,0,0,0,0,0,Mumbai Indians,Mumbai,2011-04-15,male,T20,0,Kochi Tuskers Kerala,wickets,8,0,0,0,0,BB McCullum,20,Mumbai Indians,Kochi Tuskers Kerala,Kochi Tuskers Kerala,field,Wankhede Stadium
94,15.2,SR Tendulkar,R Vinay Kumar,0,AT Rayudu,"{'batsman': 6, 'extras': 0, 'total': 6}",0,0.0,0,0.0,0,0,0,0,0,6,0,6,Mumbai Indians,Mumbai,2011-04-15,male,T20,0,Kochi Tuskers Kerala,wickets,8,0,0,0,0,BB McCullum,20,Mumbai Indians,Kochi Tuskers Kerala,Kochi Tuskers Kerala,field,Wankhede Stadium
95,15.3,SR Tendulkar,R Vinay Kumar,{'wides': 1},AT Rayudu,"{'batsman': 0, 'extras': 1, 'total': 1}",0,1.0,0,0.0,0,0,0,0,0,0,1,1,Mumbai Indians,Mumbai,2011-04-15,male,T20,0,Kochi Tuskers Kerala,wickets,8,0,0,0,0,BB McCullum,20,Mumbai Indians,Kochi Tuskers Kerala,Kochi Tuskers Kerala,field,Wankhede Stadium
96,15.4,SR Tendulkar,R Vinay Kumar,0,AT Rayudu,"{'batsman': 1, 'extras': 0, 'total': 1}",0,0.0,0,0.0,0,0,0,0,0,1,0,1,Mumbai Indians,Mumbai,2011-04-15,male,T20,0,Kochi Tuskers Kerala,wickets,8,0,0,0,0,BB McCullum,20,Mumbai Indians,Kochi Tuskers Kerala,Kochi Tuskers Kerala,field,Wankhede Stadium
97,15.5,AT Rayudu,R Vinay Kumar,0,SR Tendulkar,"{'batsman': 1, 'extras': 0, 'total': 1}",0,0.0,0,0.0,0,0,0,0,0,1,0,1,Mumbai Indians,Mumbai,2011-04-15,male,T20,0,Kochi Tuskers Kerala,wickets,8,0,0,0,0,BB McCullum,20,Mumbai Indians,Kochi Tuskers Kerala,Kochi Tuskers Kerala,field,Wankhede Stadium
98,15.6,SR Tendulkar,R Vinay Kumar,{'wides': 1},AT Rayudu,"{'batsman': 0, 'extras': 1, 'total': 1}",0,1.0,0,0.0,0,0,0,0,0,0,1,1,Mumbai Indians,Mumbai,2011-04-15,male,T20,0,Kochi Tuskers Kerala,wickets,8,0,0,0,0,BB McCullum,20,Mumbai Indians,Kochi Tuskers Kerala,Kochi Tuskers Kerala,field,Wankhede Stadium
99,15.7,SR Tendulkar,R Vinay Kumar,0,AT Rayudu,"{'batsman': 6, 'extras': 0, 'total': 6}",0,0.0,0,0.0,0,0,0,0,0,6,0,6,Mumbai Indians,Mumbai,2011-04-15,male,T20,0,Kochi Tuskers Kerala,wickets,8,0,0,0,0,BB McCullum,20,Mumbai Indians,Kochi Tuskers Kerala,Kochi Tuskers Kerala,field,Wankhede Stadium
100,15.8,SR Tendulkar,R Vinay Kumar,0,AT Rayudu,"{'batsman': 4, 'extras': 0, 'total': 4}",0,0.0,0,0.0,0,0,0,0,0,4,0,4,Mumbai Indians,Mumbai,2011-04-15,male,T20,0,Kochi Tuskers Kerala,wickets,8,0,0,0,0,BB McCullum,20,Mumbai Indians,Kochi Tuskers Kerala,Kochi Tuskers Kerala,field,Wankhede Stadium
101,16.1,AT Rayudu,RA Jadeja,0,SR Tendulkar,"{'batsman': 2, 'extras': 0, 'total': 2}",0,0.0,0,0.0,0,0,0,0,0,2,0,2,Mumbai Indians,Mumbai,2011-04-15,male,T20,0,Kochi Tuskers Kerala,wickets,8,0,0,0,0,BB McCullum,20,Mumbai Indians,Kochi Tuskers Kerala,Kochi Tuskers Kerala,field,Wankhede Stadium
102,16.2,AT Rayudu,RA Jadeja,0,SR Tendulkar,"{'batsman': 1, 'extras': 0, 'total': 1}",0,0.0,0,0.0,0,0,0,0,0,1,0,1,Mumbai Indians,Mumbai,2011-04-15,male,T20,0,Kochi Tuskers Kerala,wickets,8,0,0,0,0,BB McCullum,20,Mumbai Indians,Kochi Tuskers Kerala,Kochi Tuskers Kerala,field,Wankhede Stadium
103,16.3,SR Tendulkar,RA Jadeja,0,AT Rayudu,"{'batsman': 1, 'extras': 0, 'total': 1}",0,0.0,0,0.0,0,0,0,0,0,1,0,1,Mumbai Indians,Mumbai,2011-04-15,male,T20,0,Kochi Tuskers Kerala,wickets,8,0,0,0,0,BB McCullum,20,Mumbai Indians,Kochi Tuskers Kerala,Kochi Tuskers Kerala,field,Wankhede Stadium
104,16.4,AT Rayudu,RA Jadeja,0,SR Tendulkar,"{'batsman': 1, 'extras': 0, 'total': 1}",0,0.0,0,0.0,0,0,0,0,0,1,0,1,Mumbai Indians,Mumbai,2011-04-15,male,T20,0,Kochi Tuskers Kerala,wickets,8,0,0,0,0,BB McCullum,20,Mumbai Indians,Kochi Tuskers Kerala,Kochi Tuskers Kerala,field,Wankhede Stadium
105,16.5,SR Tendulkar,RA Jadeja,{'wides': 1},AT Rayudu,"{'batsman': 0, 'extras': 1, 'total': 1}",0,1.0,0,0.0,0,0,0,0,0,0,1,1,Mumbai Indians,Mumbai,2011-04-15,male,T20,0,Kochi Tuskers Kerala,wickets,8,0,0,0,0,BB McCullum,20,Mumbai Indians,Kochi Tuskers Kerala,Kochi Tuskers Kerala,field,Wankhede Stadium
106,16.6,SR Tendulkar,RA Jadeja,0,AT Rayudu,"{'batsman': 0, 'extras': 0, 'total': 0}",0,0.0,0,0.0,0,0,0,0,0,0,0,0,Mumbai Indians,Mumbai,2011-04-15,male,T20,0,Kochi Tuskers Kerala,wickets,8,0,0,0,0,BB McCullum,20,Mumbai Indians,Kochi Tuskers Kerala,Kochi Tuskers Kerala,field,Wankhede Stadium
107,16.7,SR Tendulkar,RA Jadeja,0,AT Rayudu,"{'batsman': 1, 'extras': 0, 'total': 1}",0,0.0,0,0.0,0,0,0,0,0,1,0,1,Mumbai Indians,Mumbai,2011-04-15,male,T20,0,Kochi Tuskers Kerala,wickets,8,0,0,0,0,BB McCullum,20,Mumbai Indians,Kochi Tuskers Kerala,Kochi Tuskers Kerala,field,Wankhede Stadium
108,17.1,SR Tendulkar,RP Singh,0,AT Rayudu,"{'batsman': 1, 'extras': 0, 'total': 1}",0,0.0,0,0.0,0,0,0,0,0,1,0,1,Mumbai Indians,Mumbai,2011-04-15,male,T20,0,Kochi Tuskers Kerala,wickets,8,0,0,0,0,BB McCullum,20,Mumbai Indians,Kochi Tuskers Kerala,Kochi Tuskers Kerala,field,Wankhede Stadium
109,17.2,AT Rayudu,RP Singh,0,SR Tendulkar,"{'batsman': 1, 'extras': 0, 'total': 1}",0,0.0,0,0.0,0,0,0,0,0,1,0,1,Mumbai Indians,Mumbai,2011-04-15,male,T20,0,Kochi Tuskers Kerala,wickets,8,0,0,0,0,BB McCullum,20,Mumbai Indians,Kochi Tuskers Kerala,Kochi Tuskers Kerala,field,Wankhede Stadium
110,17.3,SR Tendulkar,RP Singh,0,AT Rayudu,"{'batsman': 0, 'extras': 0, 'total': 0}",0,0.0,0,0.0,0,0,0,0,0,0,0,0,Mumbai Indians,Mumbai,2011-04-15,male,T20,0,Kochi Tuskers Kerala,wickets,8,0,0,0,0,BB McCullum,20,Mumbai Indians,Kochi Tuskers Kerala,Kochi Tuskers Kerala,field,Wankhede Stadium
111,17.4,SR Tendulkar,RP Singh,0,AT Rayudu,"{'batsman': 1, 'extras': 0, 'total': 1}",0,0.0,0,0.0,0,0,0,0,0,1,0,1,Mumbai Indians,Mumbai,2011-04-15,male,T20,0,Kochi Tuskers Kerala,wickets,8,0,0,0,0,BB McCullum,20,Mumbai Indians,Kochi Tuskers Kerala,Kochi Tuskers Kerala,field,Wankhede Stadium
112,17.5,AT Rayudu,RP Singh,0,SR Tendulkar,"{'batsman': 1, 'extras': 0, 'total': 1}",0,0.0,0,0.0,0,0,0,0,0,1,0,1,Mumbai Indians,Mumbai,2011-04-15,male,T20,0,Kochi Tuskers Kerala,wickets,8,0,0,0,0,BB McCullum,20,Mumbai Indians,Kochi Tuskers Kerala,Kochi Tuskers Kerala,field,Wankhede Stadium
113,17.6,SR Tendulkar,RP Singh,0,AT Rayudu,"{'batsman': 1, 'extras': 0, 'total': 1}",0,0.0,0,0.0,0,0,0,0,0,1,0,1,Mumbai Indians,Mumbai,2011-04-15,male,T20,0,Kochi Tuskers Kerala,wickets,8,0,0,0,0,BB McCullum,20,Mumbai Indians,Kochi Tuskers Kerala,Kochi Tuskers Kerala,field,Wankhede Stadium
114,18.1,SR Tendulkar,NLTC Perera,0,AT Rayudu,"{'batsman': 1, 'extras': 0, 'total': 1}",0,0.0,0,0.0,0,0,0,0,0,1,0,1,Mumbai Indians,Mumbai,2011-04-15,male,T20,0,Kochi Tuskers Kerala,wickets,8,0,0,0,0,BB McCullum,20,Mumbai Indians,Kochi Tuskers Kerala,Kochi Tuskers Kerala,field,Wankhede Stadium
115,18.2,AT Rayudu,NLTC Perera,0,SR Tendulkar,"{'batsman': 0, 'extras': 0, 'total': 0}",0,0.0,0,0.0,0,0,0,0,0,0,0,0,Mumbai Indians,Mumbai,2011-04-15,male,T20,0,Kochi Tuskers Kerala,wickets,8,0,0,0,0,BB McCullum,20,Mumbai Indians,Kochi Tuskers Kerala,Kochi Tuskers Kerala,field,Wankhede Stadium
116,18.3,AT Rayudu,NLTC Perera,0,SR Tendulkar,"{'batsman': 1, 'extras': 0, 'total': 1}",0,0.0,0,0.0,0,0,0,0,0,1,0,1,Mumbai Indians,Mumbai,2011-04-15,male,T20,0,Kochi Tuskers Kerala,wickets,8,0,0,0,0,BB McCullum,20,Mumbai Indians,Kochi Tuskers Kerala,Kochi Tuskers Kerala,field,Wankhede Stadium
117,18.4,SR Tendulkar,NLTC Perera,0,AT Rayudu,"{'batsman': 4, 'extras': 0, 'total': 4}",0,0.0,0,0.0,0,0,0,0,0,4,0,4,Mumbai Indians,Mumbai,2011-04-15,male,T20,0,Kochi Tuskers Kerala,wickets,8,0,0,0,0,BB McCullum,20,Mumbai Indians,Kochi Tuskers Kerala,Kochi Tuskers Kerala,field,Wankhede Stadium
118,18.5,SR Tendulkar,NLTC Perera,0,AT Rayudu,"{'batsman': 6, 'extras': 0, 'total': 6}",0,0.0,0,0.0,0,0,0,0,0,6,0,6,Mumbai Indians,Mumbai,2011-04-15,male,T20,0,Kochi Tuskers Kerala,wickets,8,0,0,0,0,BB McCullum,20,Mumbai Indians,Kochi Tuskers Kerala,Kochi Tuskers Kerala,field,Wankhede Stadium
119,18.6,SR Tendulkar,NLTC Perera,0,AT Rayudu,"{'batsman': 2, 'extras': 0, 'total': 2}",0,0.0,0,0.0,0,0,0,0,0,2,0,2,Mumbai Indians,Mumbai,2011-04-15,male,T20,0,Kochi Tuskers Kerala,wickets,8,0,0,0,0,BB McCullum,20,Mumbai Indians,Kochi Tuskers Kerala,Kochi Tuskers Kerala,field,Wankhede Stadium
120,19.1,AT Rayudu,R Vinay Kumar,0,SR Tendulkar,"{'batsman': 1, 'extras': 0, 'total': 1}",0,0.0,0,0.0,0,0,0,0,0,1,0,1,Mumbai Indians,Mumbai,2011-04-15,male,T20,0,Kochi Tuskers Kerala,wickets,8,0,0,0,0,BB McCullum,20,Mumbai Indians,Kochi Tuskers Kerala,Kochi Tuskers Kerala,field,Wankhede Stadium
121,19.2,SR Tendulkar,R Vinay Kumar,0,AT Rayudu,"{'batsman': 0, 'extras': 0, 'total': 0}",0,0.0,0,0.0,0,0,0,0,0,0,0,0,Mumbai Indians,Mumbai,2011-04-15,male,T20,0,Kochi Tuskers Kerala,wickets,8,0,0,0,0,BB McCullum,20,Mumbai Indians,Kochi Tuskers Kerala,Kochi Tuskers Kerala,field,Wankhede Stadium
122,19.3,SR Tendulkar,R Vinay Kumar,0,AT Rayudu,"{'batsman': 4, 'extras': 0, 'total': 4}",0,0.0,0,0.0,0,0,0,0,0,4,0,4,Mumbai Indians,Mumbai,2011-04-15,male,T20,0,Kochi Tuskers Kerala,wickets,8,0,0,0,0,BB McCullum,20,Mumbai Indians,Kochi Tuskers Kerala,Kochi Tuskers Kerala,field,Wankhede Stadium
123,19.4,SR Tendulkar,R Vinay Kumar,0,AT Rayudu,"{'batsman': 1, 'extras': 0, 'total': 1}","{'fielders': ['R Vinay Kumar'], 'kind': 'run out', 'player_out': 'AT Rayudu'}",0.0,0,0.0,0,0,run out,AT Rayudu,['R Vinay Kumar'],1,0,1,Mumbai Indians,Mumbai,2011-04-15,male,T20,0,Kochi Tuskers Kerala,wickets,8,0,0,0,0,BB McCullum,20,Mumbai Indians,Kochi Tuskers Kerala,Kochi Tuskers Kerala,field,Wankhede Stadium
124,19.5,SR Tendulkar,R Vinay Kumar,0,KA Pollard,"{'batsman': 4, 'extras': 0, 'total': 4}",0,0.0,0,0.0,0,0,0,0,0,4,0,4,Mumbai Indians,Mumbai,2011-04-15,male,T20,0,Kochi Tuskers Kerala,wickets,8,0,0,0,0,BB McCullum,20,Mumbai Indians,Kochi Tuskers Kerala,Kochi Tuskers Kerala,field,Wankhede Stadium
125,19.6,SR Tendulkar,R Vinay Kumar,0,KA Pollard,"{'batsman': 1, 'extras': 0, 'total': 1}",0,0.0,0,0.0,0,0,0,0,0,1,0,1,Mumbai Indians,Mumbai,2011-04-15,male,T20,0,Kochi Tuskers Kerala,wickets,8,0,0,0,0,BB McCullum,20,Mumbai Indians,Kochi Tuskers Kerala,Kochi Tuskers Kerala,field,Wankhede Stadium
126,0.1,BB McCullum,SL Malinga,0,DPMD Jayawardene,"{'batsman': 0, 'extras': 0, 'total': 0}",0,0.0,0,0.0,0,0,0,0,0,0,0,0,Kochi Tuskers Kerala,Mumbai,2011-04-15,male,T20,0,Kochi Tuskers Kerala,wickets,8,0,0,0,0,BB McCullum,20,Mumbai Indians,Kochi Tuskers Kerala,Kochi Tuskers Kerala,field,Wankhede Stadium
127,0.2,BB McCullum,SL Malinga,0,DPMD Jayawardene,"{'batsman': 0, 'extras': 0, 'total': 0}",0,0.0,0,0.0,0,0,0,0,0,0,0,0,Kochi Tuskers Kerala,Mumbai,2011-04-15,male,T20,0,Kochi Tuskers Kerala,wickets,8,0,0,0,0,BB McCullum,20,Mumbai Indians,Kochi Tuskers Kerala,Kochi Tuskers Kerala,field,Wankhede Stadium
128,0.3,BB McCullum,SL Malinga,0,DPMD Jayawardene,"{'batsman': 0, 'extras': 0, 'total': 0}",0,0.0,0,0.0,0,0,0,0,0,0,0,0,Kochi Tuskers Kerala,Mumbai,2011-04-15,male,T20,0,Kochi Tuskers Kerala,wickets,8,0,0,0,0,BB McCullum,20,Mumbai Indians,Kochi Tuskers Kerala,Kochi Tuskers Kerala,field,Wankhede Stadium
129,0.4,BB McCullum,SL Malinga,0,DPMD Jayawardene,"{'batsman': 4, 'extras': 0, 'total': 4}",0,0.0,0,0.0,0,0,0,0,0,4,0,4,Kochi Tuskers Kerala,Mumbai,2011-04-15,male,T20,0,Kochi Tuskers Kerala,wickets,8,0,0,0,0,BB McCullum,20,Mumbai Indians,Kochi Tuskers Kerala,Kochi Tuskers Kerala,field,Wankhede Stadium
130,0.5,BB McCullum,SL Malinga,0,DPMD Jayawardene,"{'batsman': 0, 'extras': 0, 'total': 0}",0,0.0,0,0.0,0,0,0,0,0,0,0,0,Kochi Tuskers Kerala,Mumbai,2011-04-15,male,T20,0,Kochi Tuskers Kerala,wickets,8,0,0,0,0,BB McCullum,20,Mumbai Indians,Kochi Tuskers Kerala,Kochi Tuskers Kerala,field,Wankhede Stadium
131,0.6,BB McCullum,SL Malinga,0,DPMD Jayawardene,"{'batsman': 1, 'extras': 0, 'total': 1}",0,0.0,0,0.0,0,0,0,0,0,1,0,1,Kochi Tuskers Kerala,Mumbai,2011-04-15,male,T20,0,Kochi Tuskers Kerala,wickets,8,0,0,0,0,BB McCullum,20,Mumbai Indians,Kochi Tuskers Kerala,Kochi Tuskers Kerala,field,Wankhede Stadium
132,1.1,BB McCullum,MM Patel,{'legbyes': 1},DPMD Jayawardene,"{'batsman': 0, 'extras': 1, 'total': 1}",0,0.0,0,1.0,0,0,0,0,0,0,1,1,Kochi Tuskers Kerala,Mumbai,2011-04-15,male,T20,0,Kochi Tuskers Kerala,wickets,8,0,0,0,0,BB McCullum,20,Mumbai Indians,Kochi Tuskers Kerala,Kochi Tuskers Kerala,field,Wankhede Stadium
133,1.2,DPMD Jayawardene,MM Patel,0,BB McCullum,"{'batsman': 0, 'extras': 0, 'total': 0}",0,0.0,0,0.0,0,0,0,0,0,0,0,0,Kochi Tuskers Kerala,Mumbai,2011-04-15,male,T20,0,Kochi Tuskers Kerala,wickets,8,0,0,0,0,BB McCullum,20,Mumbai Indians,Kochi Tuskers Kerala,Kochi Tuskers Kerala,field,Wankhede Stadium
134,1.3,DPMD Jayawardene,MM Patel,{'legbyes': 1},BB McCullum,"{'batsman': 0, 'extras': 1, 'total': 1}",0,0.0,0,1.0,0,0,0,0,0,0,1,1,Kochi Tuskers Kerala,Mumbai,2011-04-15,male,T20,0,Kochi Tuskers Kerala,wickets,8,0,0,0,0,BB McCullum,20,Mumbai Indians,Kochi Tuskers Kerala,Kochi Tuskers Kerala,field,Wankhede Stadium
135,1.4,BB McCullum,MM Patel,0,DPMD Jayawardene,"{'batsman': 0, 'extras': 0, 'total': 0}",0,0.0,0,0.0,0,0,0,0,0,0,0,0,Kochi Tuskers Kerala,Mumbai,2011-04-15,male,T20,0,Kochi Tuskers Kerala,wickets,8,0,0,0,0,BB McCullum,20,Mumbai Indians,Kochi Tuskers Kerala,Kochi Tuskers Kerala,field,Wankhede Stadium
136,1.5,BB McCullum,MM Patel,0,DPMD Jayawardene,"{'batsman': 0, 'extras': 0, 'total': 0}",0,0.0,0,0.0,0,0,0,0,0,0,0,0,Kochi Tuskers Kerala,Mumbai,2011-04-15,male,T20,0,Kochi Tuskers Kerala,wickets,8,0,0,0,0,BB McCullum,20,Mumbai Indians,Kochi Tuskers Kerala,Kochi Tuskers Kerala,field,Wankhede Stadium
137,1.6,BB McCullum,MM Patel,0,DPMD Jayawardene,"{'batsman': 1, 'extras': 0, 'total': 1}",0,0.0,0,0.0,0,0,0,0,0,1,0,1,Kochi Tuskers Kerala,Mumbai,2011-04-15,male,T20,0,Kochi Tuskers Kerala,wickets,8,0,0,0,0,BB McCullum,20,Mumbai Indians,Kochi Tuskers Kerala,Kochi Tuskers Kerala,field,Wankhede Stadium
138,2.1,BB McCullum,SL Malinga,0,DPMD Jayawardene,"{'batsman': 4, 'extras': 0, 'total': 4}",0,0.0,0,0.0,0,0,0,0,0,4,0,4,Kochi Tuskers Kerala,Mumbai,2011-04-15,male,T20,0,Kochi Tuskers Kerala,wickets,8,0,0,0,0,BB McCullum,20,Mumbai Indians,Kochi Tuskers Kerala,Kochi Tuskers Kerala,field,Wankhede Stadium
139,2.2,BB McCullum,SL Malinga,0,DPMD Jayawardene,"{'batsman': 4, 'extras': 0, 'total': 4}",0,0.0,0,0.0,0,0,0,0,0,4,0,4,Kochi Tuskers Kerala,Mumbai,2011-04-15,male,T20,0,Kochi Tuskers Kerala,wickets,8,0,0,0,0,BB McCullum,20,Mumbai Indians,Kochi Tuskers Kerala,Kochi Tuskers Kerala,field,Wankhede Stadium
140,2.3,BB McCullum,SL Malinga,0,DPMD Jayawardene,"{'batsman': 0, 'extras': 0, 'total': 0}",0,0.0,0,0.0,0,0,0,0,0,0,0,0,Kochi Tuskers Kerala,Mumbai,2011-04-15,male,T20,0,Kochi Tuskers Kerala,wickets,8,0,0,0,0,BB McCullum,20,Mumbai Indians,Kochi Tuskers Kerala,Kochi Tuskers Kerala,field,Wankhede Stadium
141,2.4,BB McCullum,SL Malinga,0,DPMD Jayawardene,"{'batsman': 4, 'extras': 0, 'total': 4}",0,0.0,0,0.0,0,0,0,0,0,4,0,4,Kochi Tuskers Kerala,Mumbai,2011-04-15,male,T20,0,Kochi Tuskers Kerala,wickets,8,0,0,0,0,BB McCullum,20,Mumbai Indians,Kochi Tuskers Kerala,Kochi Tuskers Kerala,field,Wankhede Stadium
142,2.5,BB McCullum,SL Malinga,0,DPMD Jayawardene,"{'batsman': 1, 'extras': 0, 'total': 1}",0,0.0,0,0.0,0,0,0,0,0,1,0,1,Kochi Tuskers Kerala,Mumbai,2011-04-15,male,T20,0,Kochi Tuskers Kerala,wickets,8,0,0,0,0,BB McCullum,20,Mumbai Indians,Kochi Tuskers Kerala,Kochi Tuskers Kerala,field,Wankhede Stadium
143,2.6,DPMD Jayawardene,SL Malinga,0,BB McCullum,"{'batsman': 4, 'extras': 0, 'total': 4}",0,0.0,0,0.0,0,0,0,0,0,4,0,4,Kochi Tuskers Kerala,Mumbai,2011-04-15,male,T20,0,Kochi Tuskers Kerala,wickets,8,0,0,0,0,BB McCullum,20,Mumbai Indians,Kochi Tuskers Kerala,Kochi Tuskers Kerala,field,Wankhede Stadium
144,3.1,BB McCullum,MM Patel,0,DPMD Jayawardene,"{'batsman': 0, 'extras': 0, 'total': 0}",0,0.0,0,0.0,0,0,0,0,0,0,0,0,Kochi Tuskers Kerala,Mumbai,2011-04-15,male,T20,0,Kochi Tuskers Kerala,wickets,8,0,0,0,0,BB McCullum,20,Mumbai Indians,Kochi Tuskers Kerala,Kochi Tuskers Kerala,field,Wankhede Stadium
145,3.2,BB McCullum,MM Patel,0,DPMD Jayawardene,"{'batsman': 1, 'extras': 0, 'total': 1}",0,0.0,0,0.0,0,0,0,0,0,1,0,1,Kochi Tuskers Kerala,Mumbai,2011-04-15,male,T20,0,Kochi Tuskers Kerala,wickets,8,0,0,0,0,BB McCullum,20,Mumbai Indians,Kochi Tuskers Kerala,Kochi Tuskers Kerala,field,Wankhede Stadium
146,3.3,DPMD Jayawardene,MM Patel,0,BB McCullum,"{'batsman': 4, 'extras': 0, 'total': 4}",0,0.0,0,0.0,0,0,0,0,0,4,0,4,Kochi Tuskers Kerala,Mumbai,2011-04-15,male,T20,0,Kochi Tuskers Kerala,wickets,8,0,0,0,0,BB McCullum,20,Mumbai Indians,Kochi Tuskers Kerala,Kochi Tuskers Kerala,field,Wankhede Stadium
147,3.4,DPMD Jayawardene,MM Patel,0,BB McCullum,"{'batsman': 0, 'extras': 0, 'total': 0}",0,0.0,0,0.0,0,0,0,0,0,0,0,0,Kochi Tuskers Kerala,Mumbai,2011-04-15,male,T20,0,Kochi Tuskers Kerala,wickets,8,0,0,0,0,BB McCullum,20,Mumbai Indians,Kochi Tuskers Kerala,Kochi Tuskers Kerala,field,Wankhede Stadium
148,3.5,DPMD Jayawardene,MM Patel,0,BB McCullum,"{'batsman': 0, 'extras': 0, 'total': 0}",0,0.0,0,0.0,0,0,0,0,0,0,0,0,Kochi Tuskers Kerala,Mumbai,2011-04-15,male,T20,0,Kochi Tuskers Kerala,wickets,8,0,0,0,0,BB McCullum,20,Mumbai Indians,Kochi Tuskers Kerala,Kochi Tuskers Kerala,field,Wankhede Stadium
149,3.6,DPMD Jayawardene,MM Patel,0,BB McCullum,"{'batsman': 0, 'extras': 0, 'total': 0}",0,0.0,0,0.0,0,0,0,0,0,0,0,0,Kochi Tuskers Kerala,Mumbai,2011-04-15,male,T20,0,Kochi Tuskers Kerala,wickets,8,0,0,0,0,BB McCullum,20,Mumbai Indians,Kochi Tuskers Kerala,Kochi Tuskers Kerala,field,Wankhede Stadium
150,4.1,BB McCullum,AG Murtaza,0,DPMD Jayawardene,"{'batsman': 1, 'extras': 0, 'total': 1}",0,0.0,0,0.0,0,0,0,0,0,1,0,1,Kochi Tuskers Kerala,Mumbai,2011-04-15,male,T20,0,Kochi Tuskers Kerala,wickets,8,0,0,0,0,BB McCullum,20,Mumbai Indians,Kochi Tuskers Kerala,Kochi Tuskers Kerala,field,Wankhede Stadium
151,4.2,DPMD Jayawardene,AG Murtaza,0,BB McCullum,"{'batsman': 1, 'extras': 0, 'total': 1}",0,0.0,0,0.0,0,0,0,0,0,1,0,1,Kochi Tuskers Kerala,Mumbai,2011-04-15,male,T20,0,Kochi Tuskers Kerala,wickets,8,0,0,0,0,BB McCullum,20,Mumbai Indians,Kochi Tuskers Kerala,Kochi Tuskers Kerala,field,Wankhede Stadium
152,4.3,BB McCullum,AG Murtaza,0,DPMD Jayawardene,"{'batsman': 0, 'extras': 0, 'total': 0}",0,0.0,0,0.0,0,0,0,0,0,0,0,0,Kochi Tuskers Kerala,Mumbai,2011-04-15,male,T20,0,Kochi Tuskers Kerala,wickets,8,0,0,0,0,BB McCullum,20,Mumbai Indians,Kochi Tuskers Kerala,Kochi Tuskers Kerala,field,Wankhede Stadium
153,4.4,BB McCullum,AG Murtaza,0,DPMD Jayawardene,"{'batsman': 0, 'extras': 0, 'total': 0}",0,0.0,0,0.0,0,0,0,0,0,0,0,0,Kochi Tuskers Kerala,Mumbai,2011-04-15,male,T20,0,Kochi Tuskers Kerala,wickets,8,0,0,0,0,BB McCullum,20,Mumbai Indians,Kochi Tuskers Kerala,Kochi Tuskers Kerala,field,Wankhede Stadium
154,4.5,BB McCullum,AG Murtaza,0,DPMD Jayawardene,"{'batsman': 0, 'extras': 0, 'total': 0}",0,0.0,0,0.0,0,0,0,0,0,0,0,0,Kochi Tuskers Kerala,Mumbai,2011-04-15,male,T20,0,Kochi Tuskers Kerala,wickets,8,0,0,0,0,BB McCullum,20,Mumbai Indians,Kochi Tuskers Kerala,Kochi Tuskers Kerala,field,Wankhede Stadium
155,4.6,BB McCullum,AG Murtaza,0,DPMD Jayawardene,"{'batsman': 0, 'extras': 0, 'total': 0}",0,0.0,0,0.0,0,0,0,0,0,0,0,0,Kochi Tuskers Kerala,Mumbai,2011-04-15,male,T20,0,Kochi Tuskers Kerala,wickets,8,0,0,0,0,BB McCullum,20,Mumbai Indians,Kochi Tuskers Kerala,Kochi Tuskers Kerala,field,Wankhede Stadium
156,5.1,DPMD Jayawardene,KA Pollard,0,BB McCullum,"{'batsman': 1, 'extras': 0, 'total': 1}",0,0.0,0,0.0,0,0,0,0,0,1,0,1,Kochi Tuskers Kerala,Mumbai,2011-04-15,male,T20,0,Kochi Tuskers Kerala,wickets,8,0,0,0,0,BB McCullum,20,Mumbai Indians,Kochi Tuskers Kerala,Kochi Tuskers Kerala,field,Wankhede Stadium
157,5.2,BB McCullum,KA Pollard,0,DPMD Jayawardene,"{'batsman': 1, 'extras': 0, 'total': 1}",0,0.0,0,0.0,0,0,0,0,0,1,0,1,Kochi Tuskers Kerala,Mumbai,2011-04-15,male,T20,0,Kochi Tuskers Kerala,wickets,8,0,0,0,0,BB McCullum,20,Mumbai Indians,Kochi Tuskers Kerala,Kochi Tuskers Kerala,field,Wankhede Stadium
158,5.3,DPMD Jayawardene,KA Pollard,{'wides': 2},BB McCullum,"{'batsman': 0, 'extras': 2, 'total': 2}",0,2.0,0,0.0,0,0,0,0,0,0,2,2,Kochi Tuskers Kerala,Mumbai,2011-04-15,male,T20,0,Kochi Tuskers Kerala,wickets,8,0,0,0,0,BB McCullum,20,Mumbai Indians,Kochi Tuskers Kerala,Kochi Tuskers Kerala,field,Wankhede Stadium
159,5.4,BB McCullum,KA Pollard,0,DPMD Jayawardene,"{'batsman': 4, 'extras': 0, 'total': 4}",0,0.0,0,0.0,0,0,0,0,0,4,0,4,Kochi Tuskers Kerala,Mumbai,2011-04-15,male,T20,0,Kochi Tuskers Kerala,wickets,8,0,0,0,0,BB McCullum,20,Mumbai Indians,Kochi Tuskers Kerala,Kochi Tuskers Kerala,field,Wankhede Stadium
160,5.5,BB McCullum,KA Pollard,0,DPMD Jayawardene,"{'batsman': 1, 'extras': 0, 'total': 1}",0,0.0,0,0.0,0,0,0,0,0,1,0,1,Kochi Tuskers Kerala,Mumbai,2011-04-15,male,T20,0,Kochi Tuskers Kerala,wickets,8,0,0,0,0,BB McCullum,20,Mumbai Indians,Kochi Tuskers Kerala,Kochi Tuskers Kerala,field,Wankhede Stadium
161,5.6,DPMD Jayawardene,KA Pollard,0,BB McCullum,"{'batsman': 4, 'extras': 0, 'total': 4}",0,0.0,0,0.0,0,0,0,0,0,4,0,4,Kochi Tuskers Kerala,Mumbai,2011-04-15,male,T20,0,Kochi Tuskers Kerala,wickets,8,0,0,0,0,BB McCullum,20,Mumbai Indians,Kochi Tuskers Kerala,Kochi Tuskers Kerala,field,Wankhede Stadium
162,5.7,DPMD Jayawardene,KA Pollard,{'wides': 1},BB McCullum,"{'batsman': 0, 'extras': 1, 'total': 1}",0,1.0,0,0.0,0,0,0,0,0,0,1,1,Kochi Tuskers Kerala,Mumbai,2011-04-15,male,T20,0,Kochi Tuskers Kerala,wickets,8,0,0,0,0,BB McCullum,20,Mumbai Indians,Kochi Tuskers Kerala,Kochi Tuskers Kerala,field,Wankhede Stadium
163,5.8,DPMD Jayawardene,KA Pollard,0,BB McCullum,"{'batsman': 4, 'extras': 0, 'total': 4}",0,0.0,0,0.0,0,0,0,0,0,4,0,4,Kochi Tuskers Kerala,Mumbai,2011-04-15,male,T20,0,Kochi Tuskers Kerala,wickets,8,0,0,0,0,BB McCullum,20,Mumbai Indians,Kochi Tuskers Kerala,Kochi Tuskers Kerala,field,Wankhede Stadium
164,6.1,BB McCullum,AG Murtaza,0,DPMD Jayawardene,"{'batsman': 0, 'extras': 0, 'total': 0}",0,0.0,0,0.0,0,0,0,0,0,0,0,0,Kochi Tuskers Kerala,Mumbai,2011-04-15,male,T20,0,Kochi Tuskers Kerala,wickets,8,0,0,0,0,BB McCullum,20,Mumbai Indians,Kochi Tuskers Kerala,Kochi Tuskers Kerala,field,Wankhede Stadium
165,6.2,BB McCullum,AG Murtaza,0,DPMD Jayawardene,"{'batsman': 1, 'extras': 0, 'total': 1}",0,0.0,0,0.0,0,0,0,0,0,1,0,1,Kochi Tuskers Kerala,Mumbai,2011-04-15,male,T20,0,Kochi Tuskers Kerala,wickets,8,0,0,0,0,BB McCullum,20,Mumbai Indians,Kochi Tuskers Kerala,Kochi Tuskers Kerala,field,Wankhede Stadium
166,6.3,DPMD Jayawardene,AG Murtaza,0,BB McCullum,"{'batsman': 0, 'extras': 0, 'total': 0}",0,0.0,0,0.0,0,0,0,0,0,0,0,0,Kochi Tuskers Kerala,Mumbai,2011-04-15,male,T20,0,Kochi Tuskers Kerala,wickets,8,0,0,0,0,BB McCullum,20,Mumbai Indians,Kochi Tuskers Kerala,Kochi Tuskers Kerala,field,Wankhede Stadium
167,6.4,DPMD Jayawardene,AG Murtaza,0,BB McCullum,"{'batsman': 4, 'extras': 0, 'total': 4}",0,0.0,0,0.0,0,0,0,0,0,4,0,4,Kochi Tuskers Kerala,Mumbai,2011-04-15,male,T20,0,Kochi Tuskers Kerala,wickets,8,0,0,0,0,BB McCullum,20,Mumbai Indians,Kochi Tuskers Kerala,Kochi Tuskers Kerala,field,Wankhede Stadium
168,6.5,DPMD Jayawardene,AG Murtaza,0,BB McCullum,"{'batsman': 2, 'extras': 0, 'total': 2}",0,0.0,0,0.0,0,0,0,0,0,2,0,2,Kochi Tuskers Kerala,Mumbai,2011-04-15,male,T20,0,Kochi Tuskers Kerala,wickets,8,0,0,0,0,BB McCullum,20,Mumbai Indians,Kochi Tuskers Kerala,Kochi Tuskers Kerala,field,Wankhede Stadium
169,6.6,DPMD Jayawardene,AG Murtaza,0,BB McCullum,"{'batsman': 0, 'extras': 0, 'total': 0}",0,0.0,0,0.0,0,0,0,0,0,0,0,0,Kochi Tuskers Kerala,Mumbai,2011-04-15,male,T20,0,Kochi Tuskers Kerala,wickets,8,0,0,0,0,BB McCullum,20,Mumbai Indians,Kochi Tuskers Kerala,Kochi Tuskers Kerala,field,Wankhede Stadium
170,7.1,BB McCullum,Harbhajan Singh,0,DPMD Jayawardene,"{'batsman': 0, 'extras': 0, 'total': 0}",0,0.0,0,0.0,0,0,0,0,0,0,0,0,Kochi Tuskers Kerala,Mumbai,2011-04-15,male,T20,0,Kochi Tuskers Kerala,wickets,8,0,0,0,0,BB McCullum,20,Mumbai Indians,Kochi Tuskers Kerala,Kochi Tuskers Kerala,field,Wankhede Stadium
171,7.2,BB McCullum,Harbhajan Singh,0,DPMD Jayawardene,"{'batsman': 1, 'extras': 0, 'total': 1}",0,0.0,0,0.0,0,0,0,0,0,1,0,1,Kochi Tuskers Kerala,Mumbai,2011-04-15,male,T20,0,Kochi Tuskers Kerala,wickets,8,0,0,0,0,BB McCullum,20,Mumbai Indians,Kochi Tuskers Kerala,Kochi Tuskers Kerala,field,Wankhede Stadium
172,7.3,DPMD Jayawardene,Harbhajan Singh,0,BB McCullum,"{'batsman': 2, 'extras': 0, 'total': 2}",0,0.0,0,0.0,0,0,0,0,0,2,0,2,Kochi Tuskers Kerala,Mumbai,2011-04-15,male,T20,0,Kochi Tuskers Kerala,wickets,8,0,0,0,0,BB McCullum,20,Mumbai Indians,Kochi Tuskers Kerala,Kochi Tuskers Kerala,field,Wankhede Stadium
173,7.4,DPMD Jayawardene,Harbhajan Singh,0,BB McCullum,"{'batsman': 1, 'extras': 0, 'total': 1}",0,0.0,0,0.0,0,0,0,0,0,1,0,1,Kochi Tuskers Kerala,Mumbai,2011-04-15,male,T20,0,Kochi Tuskers Kerala,wickets,8,0,0,0,0,BB McCullum,20,Mumbai Indians,Kochi Tuskers Kerala,Kochi Tuskers Kerala,field,Wankhede Stadium
174,7.5,BB McCullum,Harbhajan Singh,0,DPMD Jayawardene,"{'batsman': 1, 'extras': 0, 'total': 1}",0,0.0,0,0.0,0,0,0,0,0,1,0,1,Kochi Tuskers Kerala,Mumbai,2011-04-15,male,T20,0,Kochi Tuskers Kerala,wickets,8,0,0,0,0,BB McCullum,20,Mumbai Indians,Kochi Tuskers Kerala,Kochi Tuskers Kerala,field,Wankhede Stadium
175,7.6,DPMD Jayawardene,Harbhajan Singh,0,BB McCullum,"{'batsman': 0, 'extras': 0, 'total': 0}",0,0.0,0,0.0,0,0,0,0,0,0,0,0,Kochi Tuskers Kerala,Mumbai,2011-04-15,male,T20,0,Kochi Tuskers Kerala,wickets,8,0,0,0,0,BB McCullum,20,Mumbai Indians,Kochi Tuskers Kerala,Kochi Tuskers Kerala,field,Wankhede Stadium
176,8.1,BB McCullum,KA Pollard,0,DPMD Jayawardene,"{'batsman': 6, 'extras': 0, 'total': 6}",0,0.0,0,0.0,0,0,0,0,0,6,0,6,Kochi Tuskers Kerala,Mumbai,2011-04-15,male,T20,0,Kochi Tuskers Kerala,wickets,8,0,0,0,0,BB McCullum,20,Mumbai Indians,Kochi Tuskers Kerala,Kochi Tuskers Kerala,field,Wankhede Stadium
177,8.2,BB McCullum,KA Pollard,{'wides': 1},DPMD Jayawardene,"{'batsman': 0, 'extras': 1, 'total': 1}",0,1.0,0,0.0,0,0,0,0,0,0,1,1,Kochi Tuskers Kerala,Mumbai,2011-04-15,male,T20,0,Kochi Tuskers Kerala,wickets,8,0,0,0,0,BB McCullum,20,Mumbai Indians,Kochi Tuskers Kerala,Kochi Tuskers Kerala,field,Wankhede Stadium
178,8.3,BB McCullum,KA Pollard,0,DPMD Jayawardene,"{'batsman': 0, 'extras': 0, 'total': 0}",0,0.0,0,0.0,0,0,0,0,0,0,0,0,Kochi Tuskers Kerala,Mumbai,2011-04-15,male,T20,0,Kochi Tuskers Kerala,wickets,8,0,0,0,0,BB McCullum,20,Mumbai Indians,Kochi Tuskers Kerala,Kochi Tuskers Kerala,field,Wankhede Stadium
179,8.4,BB McCullum,KA Pollard,0,DPMD Jayawardene,"{'batsman': 0, 'extras': 0, 'total': 0}",0,0.0,0,0.0,0,0,0,0,0,0,0,0,Kochi Tuskers Kerala,Mumbai,2011-04-15,male,T20,0,Kochi Tuskers Kerala,wickets,8,0,0,0,0,BB McCullum,20,Mumbai Indians,Kochi Tuskers Kerala,Kochi Tuskers Kerala,field,Wankhede Stadium
180,8.5,BB McCullum,KA Pollard,0,DPMD Jayawardene,"{'batsman': 1, 'extras': 0, 'total': 1}",0,0.0,0,0.0,0,0,0,0,0,1,0,1,Kochi Tuskers Kerala,Mumbai,2011-04-15,male,T20,0,Kochi Tuskers Kerala,wickets,8,0,0,0,0,BB McCullum,20,Mumbai Indians,Kochi Tuskers Kerala,Kochi Tuskers Kerala,field,Wankhede Stadium
181,8.6,DPMD Jayawardene,KA Pollard,0,BB McCullum,"{'batsman': 4, 'extras': 0, 'total': 4}",0,0.0,0,0.0,0,0,0,0,0,4,0,4,Kochi Tuskers Kerala,Mumbai,2011-04-15,male,T20,0,Kochi Tuskers Kerala,wickets,8,0,0,0,0,BB McCullum,20,Mumbai Indians,Kochi Tuskers Kerala,Kochi Tuskers Kerala,field,Wankhede Stadium
182,8.7,DPMD Jayawardene,KA Pollard,0,BB McCullum,"{'batsman': 0, 'extras': 0, 'total': 0}",0,0.0,0,0.0,0,0,0,0,0,0,0,0,Kochi Tuskers Kerala,Mumbai,2011-04-15,male,T20,0,Kochi Tuskers Kerala,wickets,8,0,0,0,0,BB McCullum,20,Mumbai Indians,Kochi Tuskers Kerala,Kochi Tuskers Kerala,field,Wankhede Stadium
183,9.1,BB McCullum,Harbhajan Singh,0,DPMD Jayawardene,"{'batsman': 0, 'extras': 0, 'total': 0}",0,0.0,0,0.0,0,0,0,0,0,0,0,0,Kochi Tuskers Kerala,Mumbai,2011-04-15,male,T20,0,Kochi Tuskers Kerala,wickets,8,0,0,0,0,BB McCullum,20,Mumbai Indians,Kochi Tuskers Kerala,Kochi Tuskers Kerala,field,Wankhede Stadium
184,9.2,BB McCullum,Harbhajan Singh,0,DPMD Jayawardene,"{'batsman': 6, 'extras': 0, 'total': 6}",0,0.0,0,0.0,0,0,0,0,0,6,0,6,Kochi Tuskers Kerala,Mumbai,2011-04-15,male,T20,0,Kochi Tuskers Kerala,wickets,8,0,0,0,0,BB McCullum,20,Mumbai Indians,Kochi Tuskers Kerala,Kochi Tuskers Kerala,field,Wankhede Stadium
185,9.3,BB McCullum,Harbhajan Singh,0,DPMD Jayawardene,"{'batsman': 0, 'extras': 0, 'total': 0}",0,0.0,0,0.0,0,0,0,0,0,0,0,0,Kochi Tuskers Kerala,Mumbai,2011-04-15,male,T20,0,Kochi Tuskers Kerala,wickets,8,0,0,0,0,BB McCullum,20,Mumbai Indians,Kochi Tuskers Kerala,Kochi Tuskers Kerala,field,Wankhede Stadium
186,9.4,BB McCullum,Harbhajan Singh,0,DPMD Jayawardene,"{'batsman': 1, 'extras': 0, 'total': 1}",0,0.0,0,0.0,0,0,0,0,0,1,0,1,Kochi Tuskers Kerala,Mumbai,2011-04-15,male,T20,0,Kochi Tuskers Kerala,wickets,8,0,0,0,0,BB McCullum,20,Mumbai Indians,Kochi Tuskers Kerala,Kochi Tuskers Kerala,field,Wankhede Stadium
187,9.5,DPMD Jayawardene,Harbhajan Singh,0,BB McCullum,"{'batsman': 2, 'extras': 0, 'total': 2}",0,0.0,0,0.0,0,0,0,0,0,2,0,2,Kochi Tuskers Kerala,Mumbai,2011-04-15,male,T20,0,Kochi Tuskers Kerala,wickets,8,0,0,0,0,BB McCullum,20,Mumbai Indians,Kochi Tuskers Kerala,Kochi Tuskers Kerala,field,Wankhede Stadium
188,9.6,DPMD Jayawardene,Harbhajan Singh,0,BB McCullum,"{'batsman': 1, 'extras': 0, 'total': 1}",0,0.0,0,0.0,0,0,0,0,0,1,0,1,Kochi Tuskers Kerala,Mumbai,2011-04-15,male,T20,0,Kochi Tuskers Kerala,wickets,8,0,0,0,0,BB McCullum,20,Mumbai Indians,Kochi Tuskers Kerala,Kochi Tuskers Kerala,field,Wankhede Stadium
189,10.1,DPMD Jayawardene,R Sathish,0,BB McCullum,"{'batsman': 1, 'extras': 0, 'total': 1}",0,0.0,0,0.0,0,0,0,0,0,1,0,1,Kochi Tuskers Kerala,Mumbai,2011-04-15,male,T20,0,Kochi Tuskers Kerala,wickets,8,0,0,0,0,BB McCullum,20,Mumbai Indians,Kochi Tuskers Kerala,Kochi Tuskers Kerala,field,Wankhede Stadium
190,10.2,BB McCullum,R Sathish,0,DPMD Jayawardene,"{'batsman': 1, 'extras': 0, 'total': 1}",0,0.0,0,0.0,0,0,0,0,0,1,0,1,Kochi Tuskers Kerala,Mumbai,2011-04-15,male,T20,0,Kochi Tuskers Kerala,wickets,8,0,0,0,0,BB McCullum,20,Mumbai Indians,Kochi Tuskers Kerala,Kochi Tuskers Kerala,field,Wankhede Stadium
191,10.3,DPMD Jayawardene,R Sathish,0,BB McCullum,"{'batsman': 2, 'extras': 0, 'total': 2}",0,0.0,0,0.0,0,0,0,0,0,2,0,2,Kochi Tuskers Kerala,Mumbai,2011-04-15,male,T20,0,Kochi Tuskers Kerala,wickets,8,0,0,0,0,BB McCullum,20,Mumbai Indians,Kochi Tuskers Kerala,Kochi Tuskers Kerala,field,Wankhede Stadium
192,10.4,DPMD Jayawardene,R Sathish,0,BB McCullum,"{'batsman': 1, 'extras': 0, 'total': 1}",0,0.0,0,0.0,0,0,0,0,0,1,0,1,Kochi Tuskers Kerala,Mumbai,2011-04-15,male,T20,0,Kochi Tuskers Kerala,wickets,8,0,0,0,0,BB McCullum,20,Mumbai Indians,Kochi Tuskers Kerala,Kochi Tuskers Kerala,field,Wankhede Stadium
193,10.5,BB McCullum,R Sathish,0,DPMD Jayawardene,"{'batsman': 4, 'extras': 0, 'total': 4}",0,0.0,0,0.0,0,0,0,0,0,4,0,4,Kochi Tuskers Kerala,Mumbai,2011-04-15,male,T20,0,Kochi Tuskers Kerala,wickets,8,0,0,0,0,BB McCullum,20,Mumbai Indians,Kochi Tuskers Kerala,Kochi Tuskers Kerala,field,Wankhede Stadium
194,10.6,BB McCullum,R Sathish,0,DPMD Jayawardene,"{'batsman': 2, 'extras': 0, 'total': 2}",0,0.0,0,0.0,0,0,0,0,0,2,0,2,Kochi Tuskers Kerala,Mumbai,2011-04-15,male,T20,0,Kochi Tuskers Kerala,wickets,8,0,0,0,0,BB McCullum,20,Mumbai Indians,Kochi Tuskers Kerala,Kochi Tuskers Kerala,field,Wankhede Stadium
195,11.1,DPMD Jayawardene,Harbhajan Singh,0,BB McCullum,"{'batsman': 2, 'extras': 0, 'total': 2}",0,0.0,0,0.0,0,0,0,0,0,2,0,2,Kochi Tuskers Kerala,Mumbai,2011-04-15,male,T20,0,Kochi Tuskers Kerala,wickets,8,0,0,0,0,BB McCullum,20,Mumbai Indians,Kochi Tuskers Kerala,Kochi Tuskers Kerala,field,Wankhede Stadium
196,11.2,DPMD Jayawardene,Harbhajan Singh,0,BB McCullum,"{'batsman': 1, 'extras': 0, 'total': 1}",0,0.0,0,0.0,0,0,0,0,0,1,0,1,Kochi Tuskers Kerala,Mumbai,2011-04-15,male,T20,0,Kochi Tuskers Kerala,wickets,8,0,0,0,0,BB McCullum,20,Mumbai Indians,Kochi Tuskers Kerala,Kochi Tuskers Kerala,field,Wankhede Stadium
197,11.3,BB McCullum,Harbhajan Singh,0,DPMD Jayawardene,"{'batsman': 1, 'extras': 0, 'total': 1}",0,0.0,0,0.0,0,0,0,0,0,1,0,1,Kochi Tuskers Kerala,Mumbai,2011-04-15,male,T20,0,Kochi Tuskers Kerala,wickets,8,0,0,0,0,BB McCullum,20,Mumbai Indians,Kochi Tuskers Kerala,Kochi Tuskers Kerala,field,Wankhede Stadium
198,11.4,DPMD Jayawardene,Harbhajan Singh,0,BB McCullum,"{'batsman': 4, 'extras': 0, 'total': 4}",0,0.0,0,0.0,0,0,0,0,0,4,0,4,Kochi Tuskers Kerala,Mumbai,2011-04-15,male,T20,0,Kochi Tuskers Kerala,wickets,8,0,0,0,0,BB McCullum,20,Mumbai Indians,Kochi Tuskers Kerala,Kochi Tuskers Kerala,field,Wankhede Stadium
199,11.5,DPMD Jayawardene,Harbhajan Singh,0,BB McCullum,"{'batsman': 4, 'extras': 0, 'total': 4}",0,0.0,0,0.0,0,0,0,0,0,4,0,4,Kochi Tuskers Kerala,Mumbai,2011-04-15,male,T20,0,Kochi Tuskers Kerala,wickets,8,0,0,0,0,BB McCullum,20,Mumbai Indians,Kochi Tuskers Kerala,Kochi Tuskers Kerala,field,Wankhede Stadium
200,11.6,DPMD Jayawardene,Harbhajan Singh,0,BB McCullum,"{'batsman': 1, 'extras': 0, 'total': 1}",0,0.0,0,0.0,0,0,0,0,0,1,0,1,Kochi Tuskers Kerala,Mumbai,2011-04-15,male,T20,0,Kochi Tuskers Kerala,wickets,8,0,0,0,0,BB McCullum,20,Mumbai Indians,Kochi Tuskers Kerala,Kochi Tuskers Kerala,field,Wankhede Stadium
201,12.1,DPMD Jayawardene,AG Murtaza,0,BB McCullum,"{'batsman': 0, 'extras': 0, 'total': 0}",0,0.0,0,0.0,0,0,0,0,0,0,0,0,Kochi Tuskers Kerala,Mumbai,2011-04-15,male,T20,0,Kochi Tuskers Kerala,wickets,8,0,0,0,0,BB McCullum,20,Mumbai Indians,Kochi Tuskers Kerala,Kochi Tuskers Kerala,field,Wankhede Stadium
202,12.2,DPMD Jayawardene,AG Murtaza,0,BB McCullum,"{'batsman': 1, 'extras': 0, 'total': 1}",0,0.0,0,0.0,0,0,0,0,0,1,0,1,Kochi Tuskers Kerala,Mumbai,2011-04-15,male,T20,0,Kochi Tuskers Kerala,wickets,8,0,0,0,0,BB McCullum,20,Mumbai Indians,Kochi Tuskers Kerala,Kochi Tuskers Kerala,field,Wankhede Stadium
203,12.3,BB McCullum,AG Murtaza,0,DPMD Jayawardene,"{'batsman': 0, 'extras': 0, 'total': 0}",0,0.0,0,0.0,0,0,0,0,0,0,0,0,Kochi Tuskers Kerala,Mumbai,2011-04-15,male,T20,0,Kochi Tuskers Kerala,wickets,8,0,0,0,0,BB McCullum,20,Mumbai Indians,Kochi Tuskers Kerala,Kochi Tuskers Kerala,field,Wankhede Stadium
204,12.4,BB McCullum,AG Murtaza,0,DPMD Jayawardene,"{'batsman': 4, 'extras': 0, 'total': 4}",0,0.0,0,0.0,0,0,0,0,0,4,0,4,Kochi Tuskers Kerala,Mumbai,2011-04-15,male,T20,0,Kochi Tuskers Kerala,wickets,8,0,0,0,0,BB McCullum,20,Mumbai Indians,Kochi Tuskers Kerala,Kochi Tuskers Kerala,field,Wankhede Stadium
205,12.5,BB McCullum,AG Murtaza,{'wides': 1},DPMD Jayawardene,"{'batsman': 0, 'extras': 1, 'total': 1}",0,1.0,0,0.0,0,0,0,0,0,0,1,1,Kochi Tuskers Kerala,Mumbai,2011-04-15,male,T20,0,Kochi Tuskers Kerala,wickets,8,0,0,0,0,BB McCullum,20,Mumbai Indians,Kochi Tuskers Kerala,Kochi Tuskers Kerala,field,Wankhede Stadium
206,12.6,BB McCullum,AG Murtaza,0,DPMD Jayawardene,"{'batsman': 1, 'extras': 0, 'total': 1}",0,0.0,0,0.0,0,0,0,0,0,1,0,1,Kochi Tuskers Kerala,Mumbai,2011-04-15,male,T20,0,Kochi Tuskers Kerala,wickets,8,0,0,0,0,BB McCullum,20,Mumbai Indians,Kochi Tuskers Kerala,Kochi Tuskers Kerala,field,Wankhede Stadium
207,12.7,DPMD Jayawardene,AG Murtaza,0,BB McCullum,"{'batsman': 1, 'extras': 0, 'total': 1}",0,0.0,0,0.0,0,0,0,0,0,1,0,1,Kochi Tuskers Kerala,Mumbai,2011-04-15,male,T20,0,Kochi Tuskers Kerala,wickets,8,0,0,0,0,BB McCullum,20,Mumbai Indians,Kochi Tuskers Kerala,Kochi Tuskers Kerala,field,Wankhede Stadium
208,13.1,DPMD Jayawardene,SL Malinga,{'legbyes': 1},BB McCullum,"{'batsman': 0, 'extras': 1, 'total': 1}",0,0.0,0,1.0,0,0,0,0,0,0,1,1,Kochi Tuskers Kerala,Mumbai,2011-04-15,male,T20,0,Kochi Tuskers Kerala,wickets,8,0,0,0,0,BB McCullum,20,Mumbai Indians,Kochi Tuskers Kerala,Kochi Tuskers Kerala,field,Wankhede Stadium
209,13.2,BB McCullum,SL Malinga,{'wides': 1},DPMD Jayawardene,"{'batsman': 0, 'extras': 1, 'total': 1}",0,1.0,0,0.0,0,0,0,0,0,0,1,1,Kochi Tuskers Kerala,Mumbai,2011-04-15,male,T20,0,Kochi Tuskers Kerala,wickets,8,0,0,0,0,BB McCullum,20,Mumbai Indians,Kochi Tuskers Kerala,Kochi Tuskers Kerala,field,Wankhede Stadium
210,13.3,BB McCullum,SL Malinga,{'wides': 1},DPMD Jayawardene,"{'batsman': 0, 'extras': 1, 'total': 1}",0,1.0,0,0.0,0,0,0,0,0,0,1,1,Kochi Tuskers Kerala,Mumbai,2011-04-15,male,T20,0,Kochi Tuskers Kerala,wickets,8,0,0,0,0,BB McCullum,20,Mumbai Indians,Kochi Tuskers Kerala,Kochi Tuskers Kerala,field,Wankhede Stadium
211,13.4,BB McCullum,SL Malinga,0,DPMD Jayawardene,"{'batsman': 4, 'extras': 0, 'total': 4}",0,0.0,0,0.0,0,0,0,0,0,4,0,4,Kochi Tuskers Kerala,Mumbai,2011-04-15,male,T20,0,Kochi Tuskers Kerala,wickets,8,0,0,0,0,BB McCullum,20,Mumbai Indians,Kochi Tuskers Kerala,Kochi Tuskers Kerala,field,Wankhede Stadium
212,13.5,BB McCullum,SL Malinga,0,DPMD Jayawardene,"{'batsman': 1, 'extras': 0, 'total': 1}",0,0.0,0,0.0,0,0,0,0,0,1,0,1,Kochi Tuskers Kerala,Mumbai,2011-04-15,male,T20,0,Kochi Tuskers Kerala,wickets,8,0,0,0,0,BB McCullum,20,Mumbai Indians,Kochi Tuskers Kerala,Kochi Tuskers Kerala,field,Wankhede Stadium
213,13.6,DPMD Jayawardene,SL Malinga,0,BB McCullum,"{'batsman': 4, 'extras': 0, 'total': 4}",0,0.0,0,0.0,0,0,0,0,0,4,0,4,Kochi Tuskers Kerala,Mumbai,2011-04-15,male,T20,0,Kochi Tuskers Kerala,wickets,8,0,0,0,0,BB McCullum,20,Mumbai Indians,Kochi Tuskers Kerala,Kochi Tuskers Kerala,field,Wankhede Stadium
214,13.7,DPMD Jayawardene,SL Malinga,0,BB McCullum,"{'batsman': 0, 'extras': 0, 'total': 0}","{'kind': 'bowled', 'player_out': 'DPMD Jayawardene'}",0.0,0,0.0,0,0,bowled,DPMD Jayawardene,0,0,0,0,Kochi Tuskers Kerala,Mumbai,2011-04-15,male,T20,0,Kochi Tuskers Kerala,wickets,8,0,0,0,0,BB McCullum,20,Mumbai Indians,Kochi Tuskers Kerala,Kochi Tuskers Kerala,field,Wankhede Stadium
215,13.8,RA Jadeja,SL Malinga,{'wides': 1},BB McCullum,"{'batsman': 0, 'extras': 1, 'total': 1}",0,1.0,0,0.0,0,0,0,0,0,0,1,1,Kochi Tuskers Kerala,Mumbai,2011-04-15,male,T20,0,Kochi Tuskers Kerala,wickets,8,0,0,0,0,BB McCullum,20,Mumbai Indians,Kochi Tuskers Kerala,Kochi Tuskers Kerala,field,Wankhede Stadium
216,13.9,RA Jadeja,SL Malinga,0,BB McCullum,"{'batsman': 0, 'extras': 0, 'total': 0}",0,0.0,0,0.0,0,0,0,0,0,0,0,0,Kochi Tuskers Kerala,Mumbai,2011-04-15,male,T20,0,Kochi Tuskers Kerala,wickets,8,0,0,0,0,BB McCullum,20,Mumbai Indians,Kochi Tuskers Kerala,Kochi Tuskers Kerala,field,Wankhede Stadium
217,14.1,BB McCullum,Harbhajan Singh,0,RA Jadeja,"{'batsman': 1, 'extras': 0, 'total': 1}",0,0.0,0,0.0,0,0,0,0,0,1,0,1,Kochi Tuskers Kerala,Mumbai,2011-04-15,male,T20,0,Kochi Tuskers Kerala,wickets,8,0,0,0,0,BB McCullum,20,Mumbai Indians,Kochi Tuskers Kerala,Kochi Tuskers Kerala,field,Wankhede Stadium
218,14.2,RA Jadeja,Harbhajan Singh,0,BB McCullum,"{'batsman': 1, 'extras': 0, 'total': 1}",0,0.0,0,0.0,0,0,0,0,0,1,0,1,Kochi Tuskers Kerala,Mumbai,2011-04-15,male,T20,0,Kochi Tuskers Kerala,wickets,8,0,0,0,0,BB McCullum,20,Mumbai Indians,Kochi Tuskers Kerala,Kochi Tuskers Kerala,field,Wankhede Stadium
219,14.3,BB McCullum,Harbhajan Singh,0,RA Jadeja,"{'batsman': 2, 'extras': 0, 'total': 2}",0,0.0,0,0.0,0,0,0,0,0,2,0,2,Kochi Tuskers Kerala,Mumbai,2011-04-15,male,T20,0,Kochi Tuskers Kerala,wickets,8,0,0,0,0,BB McCullum,20,Mumbai Indians,Kochi Tuskers Kerala,Kochi Tuskers Kerala,field,Wankhede Stadium
220,14.4,BB McCullum,Harbhajan Singh,0,RA Jadeja,"{'batsman': 0, 'extras': 0, 'total': 0}",0,0.0,0,0.0,0,0,0,0,0,0,0,0,Kochi Tuskers Kerala,Mumbai,2011-04-15,male,T20,0,Kochi Tuskers Kerala,wickets,8,0,0,0,0,BB McCullum,20,Mumbai Indians,Kochi Tuskers Kerala,Kochi Tuskers Kerala,field,Wankhede Stadium
221,14.5,BB McCullum,Harbhajan Singh,0,RA Jadeja,"{'batsman': 1, 'extras': 0, 'total': 1}",0,0.0,0,0.0,0,0,0,0,0,1,0,1,Kochi Tuskers Kerala,Mumbai,2011-04-15,male,T20,0,Kochi Tuskers Kerala,wickets,8,0,0,0,0,BB McCullum,20,Mumbai Indians,Kochi Tuskers Kerala,Kochi Tuskers Kerala,field,Wankhede Stadium
222,14.6,RA Jadeja,Harbhajan Singh,0,BB McCullum,"{'batsman': 0, 'extras': 0, 'total': 0}",0,0.0,0,0.0,0,0,0,0,0,0,0,0,Kochi Tuskers Kerala,Mumbai,2011-04-15,male,T20,0,Kochi Tuskers Kerala,wickets,8,0,0,0,0,BB McCullum,20,Mumbai Indians,Kochi Tuskers Kerala,Kochi Tuskers Kerala,field,Wankhede Stadium
223,15.1,BB McCullum,MM Patel,0,RA Jadeja,"{'batsman': 1, 'extras': 0, 'total': 1}",0,0.0,0,0.0,0,0,0,0,0,1,0,1,Kochi Tuskers Kerala,Mumbai,2011-04-15,male,T20,0,Kochi Tuskers Kerala,wickets,8,0,0,0,0,BB McCullum,20,Mumbai Indians,Kochi Tuskers Kerala,Kochi Tuskers Kerala,field,Wankhede Stadium
224,15.2,RA Jadeja,MM Patel,0,BB McCullum,"{'batsman': 1, 'extras': 0, 'total': 1}",0,0.0,0,0.0,0,0,0,0,0,1,0,1,Kochi Tuskers Kerala,Mumbai,2011-04-15,male,T20,0,Kochi Tuskers Kerala,wickets,8,0,0,0,0,BB McCullum,20,Mumbai Indians,Kochi Tuskers Kerala,Kochi Tuskers Kerala,field,Wankhede Stadium
225,15.3,BB McCullum,MM Patel,0,RA Jadeja,"{'batsman': 0, 'extras': 0, 'total': 0}",0,0.0,0,0.0,0,0,0,0,0,0,0,0,Kochi Tuskers Kerala,Mumbai,2011-04-15,male,T20,0,Kochi Tuskers Kerala,wickets,8,0,0,0,0,BB McCullum,20,Mumbai Indians,Kochi Tuskers Kerala,Kochi Tuskers Kerala,field,Wankhede Stadium
226,15.4,BB McCullum,MM Patel,0,RA Jadeja,"{'batsman': 1, 'extras': 0, 'total': 1}",0,0.0,0,0.0,0,0,0,0,0,1,0,1,Kochi Tuskers Kerala,Mumbai,2011-04-15,male,T20,0,Kochi Tuskers Kerala,wickets,8,0,0,0,0,BB McCullum,20,Mumbai Indians,Kochi Tuskers Kerala,Kochi Tuskers Kerala,field,Wankhede Stadium
227,15.5,RA Jadeja,MM Patel,0,BB McCullum,"{'batsman': 2, 'extras': 0, 'total': 2}",0,0.0,0,0.0,0,0,0,0,0,2,0,2,Kochi Tuskers Kerala,Mumbai,2011-04-15,male,T20,0,Kochi Tuskers Kerala,wickets,8,0,0,0,0,BB McCullum,20,Mumbai Indians,Kochi Tuskers Kerala,Kochi Tuskers Kerala,field,Wankhede Stadium
228,15.6,RA Jadeja,MM Patel,0,BB McCullum,"{'batsman': 4, 'extras': 0, 'total': 4}",0,0.0,0,0.0,0,0,0,0,0,4,0,4,Kochi Tuskers Kerala,Mumbai,2011-04-15,male,T20,0,Kochi Tuskers Kerala,wickets,8,0,0,0,0,BB McCullum,20,Mumbai Indians,Kochi Tuskers Kerala,Kochi Tuskers Kerala,field,Wankhede Stadium
229,16.1,BB McCullum,KA Pollard,0,RA Jadeja,"{'batsman': 4, 'extras': 0, 'total': 4}",0,0.0,0,0.0,0,0,0,0,0,4,0,4,Kochi Tuskers Kerala,Mumbai,2011-04-15,male,T20,0,Kochi Tuskers Kerala,wickets,8,0,0,0,0,BB McCullum,20,Mumbai Indians,Kochi Tuskers Kerala,Kochi Tuskers Kerala,field,Wankhede Stadium
230,16.2,BB McCullum,KA Pollard,0,RA Jadeja,"{'batsman': 2, 'extras': 0, 'total': 2}",0,0.0,0,0.0,0,0,0,0,0,2,0,2,Kochi Tuskers Kerala,Mumbai,2011-04-15,male,T20,0,Kochi Tuskers Kerala,wickets,8,0,0,0,0,BB McCullum,20,Mumbai Indians,Kochi Tuskers Kerala,Kochi Tuskers Kerala,field,Wankhede Stadium
231,16.3,BB McCullum,KA Pollard,0,RA Jadeja,"{'batsman': 2, 'extras': 0, 'total': 2}",0,0.0,0,0.0,0,0,0,0,0,2,0,2,Kochi Tuskers Kerala,Mumbai,2011-04-15,male,T20,0,Kochi Tuskers Kerala,wickets,8,0,0,0,0,BB McCullum,20,Mumbai Indians,Kochi Tuskers Kerala,Kochi Tuskers Kerala,field,Wankhede Stadium
232,16.4,BB McCullum,KA Pollard,0,RA Jadeja,"{'batsman': 4, 'extras': 0, 'total': 4}",0,0.0,0,0.0,0,0,0,0,0,4,0,4,Kochi Tuskers Kerala,Mumbai,2011-04-15,male,T20,0,Kochi Tuskers Kerala,wickets,8,0,0,0,0,BB McCullum,20,Mumbai Indians,Kochi Tuskers Kerala,Kochi Tuskers Kerala,field,Wankhede Stadium
233,16.5,BB McCullum,KA Pollard,0,RA Jadeja,"{'batsman': 1, 'extras': 0, 'total': 1}",0,0.0,0,0.0,0,0,0,0,0,1,0,1,Kochi Tuskers Kerala,Mumbai,2011-04-15,male,T20,0,Kochi Tuskers Kerala,wickets,8,0,0,0,0,BB McCullum,20,Mumbai Indians,Kochi Tuskers Kerala,Kochi Tuskers Kerala,field,Wankhede Stadium
234,16.6,RA Jadeja,KA Pollard,0,BB McCullum,"{'batsman': 0, 'extras': 0, 'total': 0}",0,0.0,0,0.0,0,0,0,0,0,0,0,0,Kochi Tuskers Kerala,Mumbai,2011-04-15,male,T20,0,Kochi Tuskers Kerala,wickets,8,0,0,0,0,BB McCullum,20,Mumbai Indians,Kochi Tuskers Kerala,Kochi Tuskers Kerala,field,Wankhede Stadium
235,17.1,BB McCullum,SL Malinga,0,RA Jadeja,"{'batsman': 0, 'extras': 0, 'total': 0}","{'kind': 'bowled', 'player_out': 'BB McCullum'}",0.0,0,0.0,0,0,bowled,BB McCullum,0,0,0,0,Kochi Tuskers Kerala,Mumbai,2011-04-15,male,T20,0,Kochi Tuskers Kerala,wickets,8,0,0,0,0,BB McCullum,20,Mumbai Indians,Kochi Tuskers Kerala,Kochi Tuskers Kerala,field,Wankhede Stadium
236,17.2,BJ Hodge,SL Malinga,0,RA Jadeja,"{'batsman': 0, 'extras': 0, 'total': 0}",0,0.0,0,0.0,0,0,0,0,0,0,0,0,Kochi Tuskers Kerala,Mumbai,2011-04-15,male,T20,0,Kochi Tuskers Kerala,wickets,8,0,0,0,0,BB McCullum,20,Mumbai Indians,Kochi Tuskers Kerala,Kochi Tuskers Kerala,field,Wankhede Stadium
237,17.3,BJ Hodge,SL Malinga,0,RA Jadeja,"{'batsman': 0, 'extras': 0, 'total': 0}",0,0.0,0,0.0,0,0,0,0,0,0,0,0,Kochi Tuskers Kerala,Mumbai,2011-04-15,male,T20,0,Kochi Tuskers Kerala,wickets,8,0,0,0,0,BB McCullum,20,Mumbai Indians,Kochi Tuskers Kerala,Kochi Tuskers Kerala,field,Wankhede Stadium
238,17.4,BJ Hodge,SL Malinga,0,RA Jadeja,"{'batsman': 4, 'extras': 0, 'total': 4}",0,0.0,0,0.0,0,0,0,0,0,4,0,4,Kochi Tuskers Kerala,Mumbai,2011-04-15,male,T20,0,Kochi Tuskers Kerala,wickets,8,0,0,0,0,BB McCullum,20,Mumbai Indians,Kochi Tuskers Kerala,Kochi Tuskers Kerala,field,Wankhede Stadium
239,17.5,BJ Hodge,SL Malinga,0,RA Jadeja,"{'batsman': 0, 'extras': 0, 'total': 0}",0,0.0,0,0.0,0,0,0,0,0,0,0,0,Kochi Tuskers Kerala,Mumbai,2011-04-15,male,T20,0,Kochi Tuskers Kerala,wickets,8,0,0,0,0,BB McCullum,20,Mumbai Indians,Kochi Tuskers Kerala,Kochi Tuskers Kerala,field,Wankhede Stadium
240,17.6,BJ Hodge,SL Malinga,0,RA Jadeja,"{'batsman': 4, 'extras': 0, 'total': 4}",0,0.0,0,0.0,0,0,0,0,0,4,0,4,Kochi Tuskers Kerala,Mumbai,2011-04-15,male,T20,0,Kochi Tuskers Kerala,wickets,8,0,0,0,0,BB McCullum,20,Mumbai Indians,Kochi Tuskers Kerala,Kochi Tuskers Kerala,field,Wankhede Stadium
241,18.1,RA Jadeja,AG Murtaza,0,BJ Hodge,"{'batsman': 4, 'extras': 0, 'total': 4}",0,0.0,0,0.0,0,0,0,0,0,4,0,4,Kochi Tuskers Kerala,Mumbai,2011-04-15,male,T20,0,Kochi Tuskers Kerala,wickets,8,0,0,0,0,BB McCullum,20,Mumbai Indians,Kochi Tuskers Kerala,Kochi Tuskers Kerala,field,Wankhede Stadium
242,18.2,RA Jadeja,AG Murtaza,0,BJ Hodge,"{'batsman': 1, 'extras': 0, 'total': 1}",0,0.0,0,0.0,0,0,0,0,0,1,0,1,Kochi Tuskers Kerala,Mumbai,2011-04-15,male,T20,0,Kochi Tuskers Kerala,wickets,8,0,0,0,0,BB McCullum,20,Mumbai Indians,Kochi Tuskers Kerala,Kochi Tuskers Kerala,field,Wankhede Stadium
243,18.3,BJ Hodge,AG Murtaza,0,RA Jadeja,"{'batsman': 2, 'extras': 0, 'total': 2}",0,0.0,0,0.0,0,0,0,0,0,2,0,2,Kochi Tuskers Kerala,Mumbai,2011-04-15,male,T20,0,Kochi Tuskers Kerala,wickets,8,0,0,0,0,BB McCullum,20,Mumbai Indians,Kochi Tuskers Kerala,Kochi Tuskers Kerala,field,Wankhede Stadium
244,18.4,BJ Hodge,AG Murtaza,0,RA Jadeja,"{'batsman': 1, 'extras': 0, 'total': 1}",0,0.0,0,0.0,0,0,0,0,0,1,0,1,Kochi Tuskers Kerala,Mumbai,2011-04-15,male,T20,0,Kochi Tuskers Kerala,wickets,8,0,0,0,0,BB McCullum,20,Mumbai Indians,Kochi Tuskers Kerala,Kochi Tuskers Kerala,field,Wankhede Stadium
245,18.5,RA Jadeja,AG Murtaza,0,BJ Hodge,"{'batsman': 6, 'extras': 0, 'total': 6}",0,0.0,0,0.0,0,0,0,0,0,6,0,6,Kochi Tuskers Kerala,Mumbai,2011-04-15,male,T20,0,Kochi Tuskers Kerala,wickets,8,0,0,0,0,BB McCullum,20,Mumbai Indians,Kochi Tuskers Kerala,Kochi Tuskers Kerala,field,Wankhede Stadium
246,18.6,RA Jadeja,AG Murtaza,0,BJ Hodge,"{'batsman': 6, 'extras': 0, 'total': 6}",0,0.0,0,0.0,0,0,0,0,0,6,0,6,Kochi Tuskers Kerala,Mumbai,2011-04-15,male,T20,0,Kochi Tuskers Kerala,wickets,8,0,0,0,0,BB McCullum,20,Mumbai Indians,Kochi Tuskers Kerala,Kochi Tuskers Kerala,field,Wankhede Stadium
