delivery,batsman,bowler,extras_dict,non_striker,runs_dict,wicket_dict,wides,noballs,legbyes,byes,penalty,kind,player_out,fielders,runs,extras,total,team,city,date,gender,match_type,neutral_venue,winner,winType,winMargin,result,resultHow,resultTeam,non_boundary,ManOfMatch,overs,team1,team2,tossWinner,tossDecision,venue
0.1,CH Gayle,Z Khan,0,SR Watson,"{'batsman': 1, 'extras': 0, 'total': 1}",0,0.0,0,0.0,0,0,0,0,0,1,0,1,Royal Challengers Bangalore,Bangalore,2017-04-08,male,T20,0,Royal Challengers Bangalore,runs,15,0,0,0,0,KM Jadhav,20,Royal Challengers Bangalore,Delhi Daredevils,Royal Challengers Bangalore,bat,M Chinnaswamy Stadium
0.2,SR Watson,Z Khan,0,CH Gayle,"{'batsman': 4, 'extras': 0, 'total': 4}",0,0.0,0,0.0,0,0,0,0,0,4,0,4,Royal Challengers Bangalore,Bangalore,2017-04-08,male,T20,0,Royal Challengers Bangalore,runs,15,0,0,0,0,KM Jadhav,20,Royal Challengers Bangalore,Delhi Daredevils,Royal Challengers Bangalore,bat,M Chinnaswamy Stadium
0.3,SR Watson,Z Khan,0,CH Gayle,"{'batsman': 0, 'extras': 0, 'total': 0}",0,0.0,0,0.0,0,0,0,0,0,0,0,0,Royal Challengers Bangalore,Bangalore,2017-04-08,male,T20,0,Royal Challengers Bangalore,runs,15,0,0,0,0,KM Jadhav,20,Royal Challengers Bangalore,Delhi Daredevils,Royal Challengers Bangalore,bat,M Chinnaswamy Stadium
0.4,SR Watson,Z Khan,0,CH Gayle,"{'batsman': 4, 'extras': 0, 'total': 4}",0,0.0,0,0.0,0,0,0,0,0,4,0,4,Royal Challengers Bangalore,Bangalore,2017-04-08,male,T20,0,Royal Challengers Bangalore,runs,15,0,0,0,0,KM Jadhav,20,Royal Challengers Bangalore,Delhi Daredevils,Royal Challengers Bangalore,bat,M Chinnaswamy Stadium
0.5,SR Watson,Z Khan,0,CH Gayle,"{'batsman': 0, 'extras': 0, 'total': 0}",0,0.0,0,0.0,0,0,0,0,0,0,0,0,Royal Challengers Bangalore,Bangalore,2017-04-08,male,T20,0,Royal Challengers Bangalore,runs,15,0,0,0,0,KM Jadhav,20,Royal Challengers Bangalore,Delhi Daredevils,Royal Challengers Bangalore,bat,M Chinnaswamy Stadium
0.6,SR Watson,Z Khan,0,CH Gayle,"{'batsman': 1, 'extras': 0, 'total': 1}",0,0.0,0,0.0,0,0,0,0,0,1,0,1,Royal Challengers Bangalore,Bangalore,2017-04-08,male,T20,0,Royal Challengers Bangalore,runs,15,0,0,0,0,KM Jadhav,20,Royal Challengers Bangalore,Delhi Daredevils,Royal Challengers Bangalore,bat,M Chinnaswamy Stadium
1.1,SR Watson,CH Morris,0,CH Gayle,"{'batsman': 4, 'extras': 0, 'total': 4}",0,0.0,0,0.0,0,0,0,0,0,4,0,4,Royal Challengers Bangalore,Bangalore,2017-04-08,male,T20,0,Royal Challengers Bangalore,runs,15,0,0,0,0,KM Jadhav,20,Royal Challengers Bangalore,Delhi Daredevils,Royal Challengers Bangalore,bat,M Chinnaswamy Stadium
1.2,SR Watson,CH Morris,0,CH Gayle,"{'batsman': 0, 'extras': 0, 'total': 0}",0,0.0,0,0.0,0,0,0,0,0,0,0,0,Royal Challengers Bangalore,Bangalore,2017-04-08,male,T20,0,Royal Challengers Bangalore,runs,15,0,0,0,0,KM Jadhav,20,Royal Challengers Bangalore,Delhi Daredevils,Royal Challengers Bangalore,bat,M Chinnaswamy Stadium
1.3,SR Watson,CH Morris,{'legbyes': 1},CH Gayle,"{'batsman': 0, 'extras': 1, 'total': 1}",0,0.0,0,1.0,0,0,0,0,0,0,1,1,Royal Challengers Bangalore,Bangalore,2017-04-08,male,T20,0,Royal Challengers Bangalore,runs,15,0,0,0,0,KM Jadhav,20,Royal Challengers Bangalore,Delhi Daredevils,Royal Challengers Bangalore,bat,M Chinnaswamy Stadium
1.4,CH Gayle,CH Morris,0,SR Watson,"{'batsman': 4, 'extras': 0, 'total': 4}",0,0.0,0,0.0,0,0,0,0,0,4,0,4,Royal Challengers Bangalore,Bangalore,2017-04-08,male,T20,0,Royal Challengers Bangalore,runs,15,0,0,0,0,KM Jadhav,20,Royal Challengers Bangalore,Delhi Daredevils,Royal Challengers Bangalore,bat,M Chinnaswamy Stadium
1.5,CH Gayle,CH Morris,0,SR Watson,"{'batsman': 0, 'extras': 0, 'total': 0}",0,0.0,0,0.0,0,0,0,0,0,0,0,0,Royal Challengers Bangalore,Bangalore,2017-04-08,male,T20,0,Royal Challengers Bangalore,runs,15,0,0,0,0,KM Jadhav,20,Royal Challengers Bangalore,Delhi Daredevils,Royal Challengers Bangalore,bat,M Chinnaswamy Stadium
1.6,CH Gayle,CH Morris,0,SR Watson,"{'batsman': 0, 'extras': 0, 'total': 0}",0,0.0,0,0.0,0,0,0,0,0,0,0,0,Royal Challengers Bangalore,Bangalore,2017-04-08,male,T20,0,Royal Challengers Bangalore,runs,15,0,0,0,0,KM Jadhav,20,Royal Challengers Bangalore,Delhi Daredevils,Royal Challengers Bangalore,bat,M Chinnaswamy Stadium
2.1,SR Watson,PJ Cummins,0,CH Gayle,"{'batsman': 0, 'extras': 0, 'total': 0}",0,0.0,0,0.0,0,0,0,0,0,0,0,0,Royal Challengers Bangalore,Bangalore,2017-04-08,male,T20,0,Royal Challengers Bangalore,runs,15,0,0,0,0,KM Jadhav,20,Royal Challengers Bangalore,Delhi Daredevils,Royal Challengers Bangalore,bat,M Chinnaswamy Stadium
2.2,SR Watson,PJ Cummins,0,CH Gayle,"{'batsman': 1, 'extras': 0, 'total': 1}",0,0.0,0,0.0,0,0,0,0,0,1,0,1,Royal Challengers Bangalore,Bangalore,2017-04-08,male,T20,0,Royal Challengers Bangalore,runs,15,0,0,0,0,KM Jadhav,20,Royal Challengers Bangalore,Delhi Daredevils,Royal Challengers Bangalore,bat,M Chinnaswamy Stadium
2.3,CH Gayle,PJ Cummins,0,SR Watson,"{'batsman': 0, 'extras': 0, 'total': 0}",0,0.0,0,0.0,0,0,0,0,0,0,0,0,Royal Challengers Bangalore,Bangalore,2017-04-08,male,T20,0,Royal Challengers Bangalore,runs,15,0,0,0,0,KM Jadhav,20,Royal Challengers Bangalore,Delhi Daredevils,Royal Challengers Bangalore,bat,M Chinnaswamy Stadium
2.4,CH Gayle,PJ Cummins,{'wides': 1},SR Watson,"{'batsman': 0, 'extras': 1, 'total': 1}",0,1.0,0,0.0,0,0,0,0,0,0,1,1,Royal Challengers Bangalore,Bangalore,2017-04-08,male,T20,0,Royal Challengers Bangalore,runs,15,0,0,0,0,KM Jadhav,20,Royal Challengers Bangalore,Delhi Daredevils,Royal Challengers Bangalore,bat,M Chinnaswamy Stadium
2.5,CH Gayle,PJ Cummins,0,SR Watson,"{'batsman': 1, 'extras': 0, 'total': 1}",0,0.0,0,0.0,0,0,0,0,0,1,0,1,Royal Challengers Bangalore,Bangalore,2017-04-08,male,T20,0,Royal Challengers Bangalore,runs,15,0,0,0,0,KM Jadhav,20,Royal Challengers Bangalore,Delhi Daredevils,Royal Challengers Bangalore,bat,M Chinnaswamy Stadium
2.6,SR Watson,PJ Cummins,0,CH Gayle,"{'batsman': 0, 'extras': 0, 'total': 0}",0,0.0,0,0.0,0,0,0,0,0,0,0,0,Royal Challengers Bangalore,Bangalore,2017-04-08,male,T20,0,Royal Challengers Bangalore,runs,15,0,0,0,0,KM Jadhav,20,Royal Challengers Bangalore,Delhi Daredevils,Royal Challengers Bangalore,bat,M Chinnaswamy Stadium
2.7,SR Watson,PJ Cummins,0,CH Gayle,"{'batsman': 4, 'extras': 0, 'total': 4}",0,0.0,0,0.0,0,0,0,0,0,4,0,4,Royal Challengers Bangalore,Bangalore,2017-04-08,male,T20,0,Royal Challengers Bangalore,runs,15,0,0,0,0,KM Jadhav,20,Royal Challengers Bangalore,Delhi Daredevils,Royal Challengers Bangalore,bat,M Chinnaswamy Stadium
3.1,CH Gayle,CH Morris,0,SR Watson,"{'batsman': 0, 'extras': 0, 'total': 0}",0,0.0,0,0.0,0,0,0,0,0,0,0,0,Royal Challengers Bangalore,Bangalore,2017-04-08,male,T20,0,Royal Challengers Bangalore,runs,15,0,0,0,0,KM Jadhav,20,Royal Challengers Bangalore,Delhi Daredevils,Royal Challengers Bangalore,bat,M Chinnaswamy Stadium
3.2,CH Gayle,CH Morris,0,SR Watson,"{'batsman': 0, 'extras': 0, 'total': 0}","{'fielders': ['SV Samson'], 'kind': 'caught', 'player_out': 'CH Gayle'}",0.0,0,0.0,0,0,caught,CH Gayle,['SV Samson'],0,0,0,Royal Challengers Bangalore,Bangalore,2017-04-08,male,T20,0,Royal Challengers Bangalore,runs,15,0,0,0,0,KM Jadhav,20,Royal Challengers Bangalore,Delhi Daredevils,Royal Challengers Bangalore,bat,M Chinnaswamy Stadium
3.3,Mandeep Singh,CH Morris,0,SR Watson,"{'batsman': 0, 'extras': 0, 'total': 0}",0,0.0,0,0.0,0,0,0,0,0,0,0,0,Royal Challengers Bangalore,Bangalore,2017-04-08,male,T20,0,Royal Challengers Bangalore,runs,15,0,0,0,0,KM Jadhav,20,Royal Challengers Bangalore,Delhi Daredevils,Royal Challengers Bangalore,bat,M Chinnaswamy Stadium
3.4,Mandeep Singh,CH Morris,0,SR Watson,"{'batsman': 0, 'extras': 0, 'total': 0}",0,0.0,0,0.0,0,0,0,0,0,0,0,0,Royal Challengers Bangalore,Bangalore,2017-04-08,male,T20,0,Royal Challengers Bangalore,runs,15,0,0,0,0,KM Jadhav,20,Royal Challengers Bangalore,Delhi Daredevils,Royal Challengers Bangalore,bat,M Chinnaswamy Stadium
3.5,Mandeep Singh,CH Morris,0,SR Watson,"{'batsman': 0, 'extras': 0, 'total': 0}",0,0.0,0,0.0,0,0,0,0,0,0,0,0,Royal Challengers Bangalore,Bangalore,2017-04-08,male,T20,0,Royal Challengers Bangalore,runs,15,0,0,0,0,KM Jadhav,20,Royal Challengers Bangalore,Delhi Daredevils,Royal Challengers Bangalore,bat,M Chinnaswamy Stadium
3.6,Mandeep Singh,CH Morris,0,SR Watson,"{'batsman': 4, 'extras': 0, 'total': 4}",0,0.0,0,0.0,0,0,0,0,0,4,0,4,Royal Challengers Bangalore,Bangalore,2017-04-08,male,T20,0,Royal Challengers Bangalore,runs,15,0,0,0,0,KM Jadhav,20,Royal Challengers Bangalore,Delhi Daredevils,Royal Challengers Bangalore,bat,M Chinnaswamy Stadium
4.1,SR Watson,S Nadeem,0,Mandeep Singh,"{'batsman': 0, 'extras': 0, 'total': 0}",0,0.0,0,0.0,0,0,0,0,0,0,0,0,Royal Challengers Bangalore,Bangalore,2017-04-08,male,T20,0,Royal Challengers Bangalore,runs,15,0,0,0,0,KM Jadhav,20,Royal Challengers Bangalore,Delhi Daredevils,Royal Challengers Bangalore,bat,M Chinnaswamy Stadium
4.2,SR Watson,S Nadeem,0,Mandeep Singh,"{'batsman': 0, 'extras': 0, 'total': 0}",0,0.0,0,0.0,0,0,0,0,0,0,0,0,Royal Challengers Bangalore,Bangalore,2017-04-08,male,T20,0,Royal Challengers Bangalore,runs,15,0,0,0,0,KM Jadhav,20,Royal Challengers Bangalore,Delhi Daredevils,Royal Challengers Bangalore,bat,M Chinnaswamy Stadium
4.3,SR Watson,S Nadeem,{'wides': 1},Mandeep Singh,"{'batsman': 0, 'extras': 1, 'total': 1}",0,1.0,0,0.0,0,0,0,0,0,0,1,1,Royal Challengers Bangalore,Bangalore,2017-04-08,male,T20,0,Royal Challengers Bangalore,runs,15,0,0,0,0,KM Jadhav,20,Royal Challengers Bangalore,Delhi Daredevils,Royal Challengers Bangalore,bat,M Chinnaswamy Stadium
4.4,SR Watson,S Nadeem,0,Mandeep Singh,"{'batsman': 0, 'extras': 0, 'total': 0}",0,0.0,0,0.0,0,0,0,0,0,0,0,0,Royal Challengers Bangalore,Bangalore,2017-04-08,male,T20,0,Royal Challengers Bangalore,runs,15,0,0,0,0,KM Jadhav,20,Royal Challengers Bangalore,Delhi Daredevils,Royal Challengers Bangalore,bat,M Chinnaswamy Stadium
4.5,SR Watson,S Nadeem,0,Mandeep Singh,"{'batsman': 1, 'extras': 0, 'total': 1}",0,0.0,0,0.0,0,0,0,0,0,1,0,1,Royal Challengers Bangalore,Bangalore,2017-04-08,male,T20,0,Royal Challengers Bangalore,runs,15,0,0,0,0,KM Jadhav,20,Royal Challengers Bangalore,Delhi Daredevils,Royal Challengers Bangalore,bat,M Chinnaswamy Stadium
4.6,Mandeep Singh,S Nadeem,0,SR Watson,"{'batsman': 0, 'extras': 0, 'total': 0}",0,0.0,0,0.0,0,0,0,0,0,0,0,0,Royal Challengers Bangalore,Bangalore,2017-04-08,male,T20,0,Royal Challengers Bangalore,runs,15,0,0,0,0,KM Jadhav,20,Royal Challengers Bangalore,Delhi Daredevils,Royal Challengers Bangalore,bat,M Chinnaswamy Stadium
4.7,Mandeep Singh,S Nadeem,0,SR Watson,"{'batsman': 0, 'extras': 0, 'total': 0}",0,0.0,0,0.0,0,0,0,0,0,0,0,0,Royal Challengers Bangalore,Bangalore,2017-04-08,male,T20,0,Royal Challengers Bangalore,runs,15,0,0,0,0,KM Jadhav,20,Royal Challengers Bangalore,Delhi Daredevils,Royal Challengers Bangalore,bat,M Chinnaswamy Stadium
5.1,SR Watson,PJ Cummins,0,Mandeep Singh,"{'batsman': 1, 'extras': 0, 'total': 1}",0,0.0,0,0.0,0,0,0,0,0,1,0,1,Royal Challengers Bangalore,Bangalore,2017-04-08,male,T20,0,Royal Challengers Bangalore,runs,15,0,0,0,0,KM Jadhav,20,Royal Challengers Bangalore,Delhi Daredevils,Royal Challengers Bangalore,bat,M Chinnaswamy Stadium
5.2,Mandeep Singh,PJ Cummins,0,SR Watson,"{'batsman': 4, 'extras': 0, 'total': 4}",0,0.0,0,0.0,0,0,0,0,0,4,0,4,Royal Challengers Bangalore,Bangalore,2017-04-08,male,T20,0,Royal Challengers Bangalore,runs,15,0,0,0,0,KM Jadhav,20,Royal Challengers Bangalore,Delhi Daredevils,Royal Challengers Bangalore,bat,M Chinnaswamy Stadium
5.3,Mandeep Singh,PJ Cummins,0,SR Watson,"{'batsman': 4, 'extras': 0, 'total': 4}",0,0.0,0,0.0,0,0,0,0,0,4,0,4,Royal Challengers Bangalore,Bangalore,2017-04-08,male,T20,0,Royal Challengers Bangalore,runs,15,0,0,0,0,KM Jadhav,20,Royal Challengers Bangalore,Delhi Daredevils,Royal Challengers Bangalore,bat,M Chinnaswamy Stadium
5.4,Mandeep Singh,PJ Cummins,0,SR Watson,"{'batsman': 0, 'extras': 0, 'total': 0}",0,0.0,0,0.0,0,0,0,0,0,0,0,0,Royal Challengers Bangalore,Bangalore,2017-04-08,male,T20,0,Royal Challengers Bangalore,runs,15,0,0,0,0,KM Jadhav,20,Royal Challengers Bangalore,Delhi Daredevils,Royal Challengers Bangalore,bat,M Chinnaswamy Stadium
5.5,Mandeep Singh,PJ Cummins,0,SR Watson,"{'batsman': 0, 'extras': 0, 'total': 0}","{'kind': 'bowled', 'player_out': 'Mandeep Singh'}",0.0,0,0.0,0,0,bowled,Mandeep Singh,0,0,0,0,Royal Challengers Bangalore,Bangalore,2017-04-08,male,T20,0,Royal Challengers Bangalore,runs,15,0,0,0,0,KM Jadhav,20,Royal Challengers Bangalore,Delhi Daredevils,Royal Challengers Bangalore,bat,M Chinnaswamy Stadium
5.6,KM Jadhav,PJ Cummins,0,SR Watson,"{'batsman': 0, 'extras': 0, 'total': 0}",0,0.0,0,0.0,0,0,0,0,0,0,0,0,Royal Challengers Bangalore,Bangalore,2017-04-08,male,T20,0,Royal Challengers Bangalore,runs,15,0,0,0,0,KM Jadhav,20,Royal Challengers Bangalore,Delhi Daredevils,Royal Challengers Bangalore,bat,M Chinnaswamy Stadium
6.1,SR Watson,S Nadeem,0,KM Jadhav,"{'batsman': 1, 'extras': 0, 'total': 1}",0,0.0,0,0.0,0,0,0,0,0,1,0,1,Royal Challengers Bangalore,Bangalore,2017-04-08,male,T20,0,Royal Challengers Bangalore,runs,15,0,0,0,0,KM Jadhav,20,Royal Challengers Bangalore,Delhi Daredevils,Royal Challengers Bangalore,bat,M Chinnaswamy Stadium
6.2,KM Jadhav,S Nadeem,0,SR Watson,"{'batsman': 1, 'extras': 0, 'total': 1}",0,0.0,0,0.0,0,0,0,0,0,1,0,1,Royal Challengers Bangalore,Bangalore,2017-04-08,male,T20,0,Royal Challengers Bangalore,runs,15,0,0,0,0,KM Jadhav,20,Royal Challengers Bangalore,Delhi Daredevils,Royal Challengers Bangalore,bat,M Chinnaswamy Stadium
6.3,SR Watson,S Nadeem,0,KM Jadhav,"{'batsman': 0, 'extras': 0, 'total': 0}",0,0.0,0,0.0,0,0,0,0,0,0,0,0,Royal Challengers Bangalore,Bangalore,2017-04-08,male,T20,0,Royal Challengers Bangalore,runs,15,0,0,0,0,KM Jadhav,20,Royal Challengers Bangalore,Delhi Daredevils,Royal Challengers Bangalore,bat,M Chinnaswamy Stadium
6.4,SR Watson,S Nadeem,0,KM Jadhav,"{'batsman': 0, 'extras': 0, 'total': 0}",0,0.0,0,0.0,0,0,0,0,0,0,0,0,Royal Challengers Bangalore,Bangalore,2017-04-08,male,T20,0,Royal Challengers Bangalore,runs,15,0,0,0,0,KM Jadhav,20,Royal Challengers Bangalore,Delhi Daredevils,Royal Challengers Bangalore,bat,M Chinnaswamy Stadium
6.5,SR Watson,S Nadeem,0,KM Jadhav,"{'batsman': 1, 'extras': 0, 'total': 1}",0,0.0,0,0.0,0,0,0,0,0,1,0,1,Royal Challengers Bangalore,Bangalore,2017-04-08,male,T20,0,Royal Challengers Bangalore,runs,15,0,0,0,0,KM Jadhav,20,Royal Challengers Bangalore,Delhi Daredevils,Royal Challengers Bangalore,bat,M Chinnaswamy Stadium
6.6,KM Jadhav,S Nadeem,0,SR Watson,"{'batsman': 1, 'extras': 0, 'total': 1}",0,0.0,0,0.0,0,0,0,0,0,1,0,1,Royal Challengers Bangalore,Bangalore,2017-04-08,male,T20,0,Royal Challengers Bangalore,runs,15,0,0,0,0,KM Jadhav,20,Royal Challengers Bangalore,Delhi Daredevils,Royal Challengers Bangalore,bat,M Chinnaswamy Stadium
7.1,KM Jadhav,A Mishra,0,SR Watson,"{'batsman': 0, 'extras': 0, 'total': 0}",0,0.0,0,0.0,0,0,0,0,0,0,0,0,Royal Challengers Bangalore,Bangalore,2017-04-08,male,T20,0,Royal Challengers Bangalore,runs,15,0,0,0,0,KM Jadhav,20,Royal Challengers Bangalore,Delhi Daredevils,Royal Challengers Bangalore,bat,M Chinnaswamy Stadium
7.2,KM Jadhav,A Mishra,0,SR Watson,"{'batsman': 1, 'extras': 0, 'total': 1}",0,0.0,0,0.0,0,0,0,0,0,1,0,1,Royal Challengers Bangalore,Bangalore,2017-04-08,male,T20,0,Royal Challengers Bangalore,runs,15,0,0,0,0,KM Jadhav,20,Royal Challengers Bangalore,Delhi Daredevils,Royal Challengers Bangalore,bat,M Chinnaswamy Stadium
7.3,SR Watson,A Mishra,0,KM Jadhav,"{'batsman': 1, 'extras': 0, 'total': 1}",0,0.0,0,0.0,0,0,0,0,0,1,0,1,Royal Challengers Bangalore,Bangalore,2017-04-08,male,T20,0,Royal Challengers Bangalore,runs,15,0,0,0,0,KM Jadhav,20,Royal Challengers Bangalore,Delhi Daredevils,Royal Challengers Bangalore,bat,M Chinnaswamy Stadium
7.4,KM Jadhav,A Mishra,0,SR Watson,"{'batsman': 6, 'extras': 0, 'total': 6}",0,0.0,0,0.0,0,0,0,0,0,6,0,6,Royal Challengers Bangalore,Bangalore,2017-04-08,male,T20,0,Royal Challengers Bangalore,runs,15,0,0,0,0,KM Jadhav,20,Royal Challengers Bangalore,Delhi Daredevils,Royal Challengers Bangalore,bat,M Chinnaswamy Stadium
7.5,KM Jadhav,A Mishra,0,SR Watson,"{'batsman': 0, 'extras': 0, 'total': 0}",0,0.0,0,0.0,0,0,0,0,0,0,0,0,Royal Challengers Bangalore,Bangalore,2017-04-08,male,T20,0,Royal Challengers Bangalore,runs,15,0,0,0,0,KM Jadhav,20,Royal Challengers Bangalore,Delhi Daredevils,Royal Challengers Bangalore,bat,M Chinnaswamy Stadium
7.6,KM Jadhav,A Mishra,0,SR Watson,"{'batsman': 0, 'extras': 0, 'total': 0}",0,0.0,0,0.0,0,0,0,0,0,0,0,0,Royal Challengers Bangalore,Bangalore,2017-04-08,male,T20,0,Royal Challengers Bangalore,runs,15,0,0,0,0,KM Jadhav,20,Royal Challengers Bangalore,Delhi Daredevils,Royal Challengers Bangalore,bat,M Chinnaswamy Stadium
8.1,SR Watson,S Nadeem,0,KM Jadhav,"{'batsman': 1, 'extras': 0, 'total': 1}",0,0.0,0,0.0,0,0,0,0,0,1,0,1,Royal Challengers Bangalore,Bangalore,2017-04-08,male,T20,0,Royal Challengers Bangalore,runs,15,0,0,0,0,KM Jadhav,20,Royal Challengers Bangalore,Delhi Daredevils,Royal Challengers Bangalore,bat,M Chinnaswamy Stadium
8.2,KM Jadhav,S Nadeem,0,SR Watson,"{'batsman': 0, 'extras': 0, 'total': 0}",0,0.0,0,0.0,0,0,0,0,0,0,0,0,Royal Challengers Bangalore,Bangalore,2017-04-08,male,T20,0,Royal Challengers Bangalore,runs,15,0,0,0,0,KM Jadhav,20,Royal Challengers Bangalore,Delhi Daredevils,Royal Challengers Bangalore,bat,M Chinnaswamy Stadium
8.3,KM Jadhav,S Nadeem,0,SR Watson,"{'batsman': 1, 'extras': 0, 'total': 1}",0,0.0,0,0.0,0,0,0,0,0,1,0,1,Royal Challengers Bangalore,Bangalore,2017-04-08,male,T20,0,Royal Challengers Bangalore,runs,15,0,0,0,0,KM Jadhav,20,Royal Challengers Bangalore,Delhi Daredevils,Royal Challengers Bangalore,bat,M Chinnaswamy Stadium
8.4,SR Watson,S Nadeem,0,KM Jadhav,"{'batsman': 0, 'extras': 0, 'total': 0}","{'fielders': ['RR Pant'], 'kind': 'stumped', 'player_out': 'SR Watson'}",0.0,0,0.0,0,0,stumped,SR Watson,['RR Pant'],0,0,0,Royal Challengers Bangalore,Bangalore,2017-04-08,male,T20,0,Royal Challengers Bangalore,runs,15,0,0,0,0,KM Jadhav,20,Royal Challengers Bangalore,Delhi Daredevils,Royal Challengers Bangalore,bat,M Chinnaswamy Stadium
8.5,STR Binny,S Nadeem,0,KM Jadhav,"{'batsman': 0, 'extras': 0, 'total': 0}",0,0.0,0,0.0,0,0,0,0,0,0,0,0,Royal Challengers Bangalore,Bangalore,2017-04-08,male,T20,0,Royal Challengers Bangalore,runs,15,0,0,0,0,KM Jadhav,20,Royal Challengers Bangalore,Delhi Daredevils,Royal Challengers Bangalore,bat,M Chinnaswamy Stadium
8.6,STR Binny,S Nadeem,0,KM Jadhav,"{'batsman': 0, 'extras': 0, 'total': 0}",0,0.0,0,0.0,0,0,0,0,0,0,0,0,Royal Challengers Bangalore,Bangalore,2017-04-08,male,T20,0,Royal Challengers Bangalore,runs,15,0,0,0,0,KM Jadhav,20,Royal Challengers Bangalore,Delhi Daredevils,Royal Challengers Bangalore,bat,M Chinnaswamy Stadium
9.1,KM Jadhav,Z Khan,0,STR Binny,"{'batsman': 1, 'extras': 0, 'total': 1}",0,0.0,0,0.0,0,0,0,0,0,1,0,1,Royal Challengers Bangalore,Bangalore,2017-04-08,male,T20,0,Royal Challengers Bangalore,runs,15,0,0,0,0,KM Jadhav,20,Royal Challengers Bangalore,Delhi Daredevils,Royal Challengers Bangalore,bat,M Chinnaswamy Stadium
9.2,STR Binny,Z Khan,0,KM Jadhav,"{'batsman': 2, 'extras': 0, 'total': 2}",0,0.0,0,0.0,0,0,0,0,0,2,0,2,Royal Challengers Bangalore,Bangalore,2017-04-08,male,T20,0,Royal Challengers Bangalore,runs,15,0,0,0,0,KM Jadhav,20,Royal Challengers Bangalore,Delhi Daredevils,Royal Challengers Bangalore,bat,M Chinnaswamy Stadium
9.3,STR Binny,Z Khan,0,KM Jadhav,"{'batsman': 1, 'extras': 0, 'total': 1}",0,0.0,0,0.0,0,0,0,0,0,1,0,1,Royal Challengers Bangalore,Bangalore,2017-04-08,male,T20,0,Royal Challengers Bangalore,runs,15,0,0,0,0,KM Jadhav,20,Royal Challengers Bangalore,Delhi Daredevils,Royal Challengers Bangalore,bat,M Chinnaswamy Stadium
9.4,KM Jadhav,Z Khan,0,STR Binny,"{'batsman': 1, 'extras': 0, 'total': 1}",0,0.0,0,0.0,0,0,0,0,0,1,0,1,Royal Challengers Bangalore,Bangalore,2017-04-08,male,T20,0,Royal Challengers Bangalore,runs,15,0,0,0,0,KM Jadhav,20,Royal Challengers Bangalore,Delhi Daredevils,Royal Challengers Bangalore,bat,M Chinnaswamy Stadium
9.5,STR Binny,Z Khan,0,KM Jadhav,"{'batsman': 0, 'extras': 0, 'total': 0}",0,0.0,0,0.0,0,0,0,0,0,0,0,0,Royal Challengers Bangalore,Bangalore,2017-04-08,male,T20,0,Royal Challengers Bangalore,runs,15,0,0,0,0,KM Jadhav,20,Royal Challengers Bangalore,Delhi Daredevils,Royal Challengers Bangalore,bat,M Chinnaswamy Stadium
9.6,STR Binny,Z Khan,0,KM Jadhav,"{'batsman': 1, 'extras': 0, 'total': 1}",0,0.0,0,0.0,0,0,0,0,0,1,0,1,Royal Challengers Bangalore,Bangalore,2017-04-08,male,T20,0,Royal Challengers Bangalore,runs,15,0,0,0,0,KM Jadhav,20,Royal Challengers Bangalore,Delhi Daredevils,Royal Challengers Bangalore,bat,M Chinnaswamy Stadium
10.1,STR Binny,S Nadeem,0,KM Jadhav,"{'batsman': 1, 'extras': 0, 'total': 1}",0,0.0,0,0.0,0,0,0,0,0,1,0,1,Royal Challengers Bangalore,Bangalore,2017-04-08,male,T20,0,Royal Challengers Bangalore,runs,15,0,0,0,0,KM Jadhav,20,Royal Challengers Bangalore,Delhi Daredevils,Royal Challengers Bangalore,bat,M Chinnaswamy Stadium
10.2,KM Jadhav,S Nadeem,0,STR Binny,"{'batsman': 1, 'extras': 0, 'total': 1}",0,0.0,0,0.0,0,0,0,0,0,1,0,1,Royal Challengers Bangalore,Bangalore,2017-04-08,male,T20,0,Royal Challengers Bangalore,runs,15,0,0,0,0,KM Jadhav,20,Royal Challengers Bangalore,Delhi Daredevils,Royal Challengers Bangalore,bat,M Chinnaswamy Stadium
10.3,STR Binny,S Nadeem,0,KM Jadhav,"{'batsman': 1, 'extras': 0, 'total': 1}",0,0.0,0,0.0,0,0,0,0,0,1,0,1,Royal Challengers Bangalore,Bangalore,2017-04-08,male,T20,0,Royal Challengers Bangalore,runs,15,0,0,0,0,KM Jadhav,20,Royal Challengers Bangalore,Delhi Daredevils,Royal Challengers Bangalore,bat,M Chinnaswamy Stadium
10.4,KM Jadhav,S Nadeem,0,STR Binny,"{'batsman': 0, 'extras': 0, 'total': 0}",0,0.0,0,0.0,0,0,0,0,0,0,0,0,Royal Challengers Bangalore,Bangalore,2017-04-08,male,T20,0,Royal Challengers Bangalore,runs,15,0,0,0,0,KM Jadhav,20,Royal Challengers Bangalore,Delhi Daredevils,Royal Challengers Bangalore,bat,M Chinnaswamy Stadium
10.5,KM Jadhav,S Nadeem,0,STR Binny,"{'batsman': 1, 'extras': 0, 'total': 1}",0,0.0,0,0.0,0,0,0,0,0,1,0,1,Royal Challengers Bangalore,Bangalore,2017-04-08,male,T20,0,Royal Challengers Bangalore,runs,15,0,0,0,0,KM Jadhav,20,Royal Challengers Bangalore,Delhi Daredevils,Royal Challengers Bangalore,bat,M Chinnaswamy Stadium
10.6,STR Binny,S Nadeem,0,KM Jadhav,"{'batsman': 1, 'extras': 0, 'total': 1}",0,0.0,0,0.0,0,0,0,0,0,1,0,1,Royal Challengers Bangalore,Bangalore,2017-04-08,male,T20,0,Royal Challengers Bangalore,runs,15,0,0,0,0,KM Jadhav,20,Royal Challengers Bangalore,Delhi Daredevils,Royal Challengers Bangalore,bat,M Chinnaswamy Stadium
11.1,STR Binny,PJ Cummins,0,KM Jadhav,"{'batsman': 0, 'extras': 0, 'total': 0}",0,0.0,0,0.0,0,0,0,0,0,0,0,0,Royal Challengers Bangalore,Bangalore,2017-04-08,male,T20,0,Royal Challengers Bangalore,runs,15,0,0,0,0,KM Jadhav,20,Royal Challengers Bangalore,Delhi Daredevils,Royal Challengers Bangalore,bat,M Chinnaswamy Stadium
11.2,STR Binny,PJ Cummins,0,KM Jadhav,"{'batsman': 4, 'extras': 0, 'total': 4}",0,0.0,0,0.0,0,0,0,0,0,4,0,4,Royal Challengers Bangalore,Bangalore,2017-04-08,male,T20,0,Royal Challengers Bangalore,runs,15,0,0,0,0,KM Jadhav,20,Royal Challengers Bangalore,Delhi Daredevils,Royal Challengers Bangalore,bat,M Chinnaswamy Stadium
11.3,STR Binny,PJ Cummins,0,KM Jadhav,"{'batsman': 1, 'extras': 0, 'total': 1}",0,0.0,0,0.0,0,0,0,0,0,1,0,1,Royal Challengers Bangalore,Bangalore,2017-04-08,male,T20,0,Royal Challengers Bangalore,runs,15,0,0,0,0,KM Jadhav,20,Royal Challengers Bangalore,Delhi Daredevils,Royal Challengers Bangalore,bat,M Chinnaswamy Stadium
11.4,KM Jadhav,PJ Cummins,0,STR Binny,"{'batsman': 1, 'extras': 0, 'total': 1}",0,0.0,0,0.0,0,0,0,0,0,1,0,1,Royal Challengers Bangalore,Bangalore,2017-04-08,male,T20,0,Royal Challengers Bangalore,runs,15,0,0,0,0,KM Jadhav,20,Royal Challengers Bangalore,Delhi Daredevils,Royal Challengers Bangalore,bat,M Chinnaswamy Stadium
11.5,STR Binny,PJ Cummins,0,KM Jadhav,"{'batsman': 1, 'extras': 0, 'total': 1}",0,0.0,0,0.0,0,0,0,0,0,1,0,1,Royal Challengers Bangalore,Bangalore,2017-04-08,male,T20,0,Royal Challengers Bangalore,runs,15,0,0,0,0,KM Jadhav,20,Royal Challengers Bangalore,Delhi Daredevils,Royal Challengers Bangalore,bat,M Chinnaswamy Stadium
11.6,KM Jadhav,PJ Cummins,{'legbyes': 1},STR Binny,"{'batsman': 0, 'extras': 1, 'total': 1}",0,0.0,0,1.0,0,0,0,0,0,0,1,1,Royal Challengers Bangalore,Bangalore,2017-04-08,male,T20,0,Royal Challengers Bangalore,runs,15,0,0,0,0,KM Jadhav,20,Royal Challengers Bangalore,Delhi Daredevils,Royal Challengers Bangalore,bat,M Chinnaswamy Stadium
12.1,KM Jadhav,A Mishra,0,STR Binny,"{'batsman': 2, 'extras': 0, 'total': 2}",0,0.0,0,0.0,0,0,0,0,0,2,0,2,Royal Challengers Bangalore,Bangalore,2017-04-08,male,T20,0,Royal Challengers Bangalore,runs,15,0,0,0,0,KM Jadhav,20,Royal Challengers Bangalore,Delhi Daredevils,Royal Challengers Bangalore,bat,M Chinnaswamy Stadium
12.2,KM Jadhav,A Mishra,0,STR Binny,"{'batsman': 6, 'extras': 0, 'total': 6}",0,0.0,0,0.0,0,0,0,0,0,6,0,6,Royal Challengers Bangalore,Bangalore,2017-04-08,male,T20,0,Royal Challengers Bangalore,runs,15,0,0,0,0,KM Jadhav,20,Royal Challengers Bangalore,Delhi Daredevils,Royal Challengers Bangalore,bat,M Chinnaswamy Stadium
12.3,KM Jadhav,A Mishra,0,STR Binny,"{'batsman': 4, 'extras': 0, 'total': 4}",0,0.0,0,0.0,0,0,0,0,0,4,0,4,Royal Challengers Bangalore,Bangalore,2017-04-08,male,T20,0,Royal Challengers Bangalore,runs,15,0,0,0,0,KM Jadhav,20,Royal Challengers Bangalore,Delhi Daredevils,Royal Challengers Bangalore,bat,M Chinnaswamy Stadium
12.4,KM Jadhav,A Mishra,0,STR Binny,"{'batsman': 4, 'extras': 0, 'total': 4}",0,0.0,0,0.0,0,0,0,0,0,4,0,4,Royal Challengers Bangalore,Bangalore,2017-04-08,male,T20,0,Royal Challengers Bangalore,runs,15,0,0,0,0,KM Jadhav,20,Royal Challengers Bangalore,Delhi Daredevils,Royal Challengers Bangalore,bat,M Chinnaswamy Stadium
12.5,KM Jadhav,A Mishra,0,STR Binny,"{'batsman': 2, 'extras': 0, 'total': 2}",0,0.0,0,0.0,0,0,0,0,0,2,0,2,Royal Challengers Bangalore,Bangalore,2017-04-08,male,T20,0,Royal Challengers Bangalore,runs,15,0,0,0,0,KM Jadhav,20,Royal Challengers Bangalore,Delhi Daredevils,Royal Challengers Bangalore,bat,M Chinnaswamy Stadium
12.6,KM Jadhav,A Mishra,0,STR Binny,"{'batsman': 6, 'extras': 0, 'total': 6}",0,0.0,0,0.0,0,0,0,0,0,6,0,6,Royal Challengers Bangalore,Bangalore,2017-04-08,male,T20,0,Royal Challengers Bangalore,runs,15,0,0,0,0,KM Jadhav,20,Royal Challengers Bangalore,Delhi Daredevils,Royal Challengers Bangalore,bat,M Chinnaswamy Stadium
13.1,STR Binny,CR Brathwaite,{'wides': 1},KM Jadhav,"{'batsman': 0, 'extras': 1, 'total': 1}",0,1.0,0,0.0,0,0,0,0,0,0,1,1,Royal Challengers Bangalore,Bangalore,2017-04-08,male,T20,0,Royal Challengers Bangalore,runs,15,0,0,0,0,KM Jadhav,20,Royal Challengers Bangalore,Delhi Daredevils,Royal Challengers Bangalore,bat,M Chinnaswamy Stadium
13.2,STR Binny,CR Brathwaite,0,KM Jadhav,"{'batsman': 1, 'extras': 0, 'total': 1}",0,0.0,0,0.0,0,0,0,0,0,1,0,1,Royal Challengers Bangalore,Bangalore,2017-04-08,male,T20,0,Royal Challengers Bangalore,runs,15,0,0,0,0,KM Jadhav,20,Royal Challengers Bangalore,Delhi Daredevils,Royal Challengers Bangalore,bat,M Chinnaswamy Stadium
13.3,KM Jadhav,CR Brathwaite,0,STR Binny,"{'batsman': 4, 'extras': 0, 'total': 4}",0,0.0,0,0.0,0,0,0,0,0,4,0,4,Royal Challengers Bangalore,Bangalore,2017-04-08,male,T20,0,Royal Challengers Bangalore,runs,15,0,0,0,0,KM Jadhav,20,Royal Challengers Bangalore,Delhi Daredevils,Royal Challengers Bangalore,bat,M Chinnaswamy Stadium
13.4,KM Jadhav,CR Brathwaite,0,STR Binny,"{'batsman': 6, 'extras': 0, 'total': 6}",0,0.0,0,0.0,0,0,0,0,0,6,0,6,Royal Challengers Bangalore,Bangalore,2017-04-08,male,T20,0,Royal Challengers Bangalore,runs,15,0,0,0,0,KM Jadhav,20,Royal Challengers Bangalore,Delhi Daredevils,Royal Challengers Bangalore,bat,M Chinnaswamy Stadium
13.5,KM Jadhav,CR Brathwaite,0,STR Binny,"{'batsman': 2, 'extras': 0, 'total': 2}",0,0.0,0,0.0,0,0,0,0,0,2,0,2,Royal Challengers Bangalore,Bangalore,2017-04-08,male,T20,0,Royal Challengers Bangalore,runs,15,0,0,0,0,KM Jadhav,20,Royal Challengers Bangalore,Delhi Daredevils,Royal Challengers Bangalore,bat,M Chinnaswamy Stadium
13.6,KM Jadhav,CR Brathwaite,0,STR Binny,"{'batsman': 1, 'extras': 0, 'total': 1}",0,0.0,0,0.0,0,0,0,0,0,1,0,1,Royal Challengers Bangalore,Bangalore,2017-04-08,male,T20,0,Royal Challengers Bangalore,runs,15,0,0,0,0,KM Jadhav,20,Royal Challengers Bangalore,Delhi Daredevils,Royal Challengers Bangalore,bat,M Chinnaswamy Stadium
13.7,STR Binny,CR Brathwaite,0,KM Jadhav,"{'batsman': 1, 'extras': 0, 'total': 1}",0,0.0,0,0.0,0,0,0,0,0,1,0,1,Royal Challengers Bangalore,Bangalore,2017-04-08,male,T20,0,Royal Challengers Bangalore,runs,15,0,0,0,0,KM Jadhav,20,Royal Challengers Bangalore,Delhi Daredevils,Royal Challengers Bangalore,bat,M Chinnaswamy Stadium
14.1,STR Binny,Z Khan,0,KM Jadhav,"{'batsman': 0, 'extras': 0, 'total': 0}",0,0.0,0,0.0,0,0,0,0,0,0,0,0,Royal Challengers Bangalore,Bangalore,2017-04-08,male,T20,0,Royal Challengers Bangalore,runs,15,0,0,0,0,KM Jadhav,20,Royal Challengers Bangalore,Delhi Daredevils,Royal Challengers Bangalore,bat,M Chinnaswamy Stadium
14.2,STR Binny,Z Khan,0,KM Jadhav,"{'batsman': 1, 'extras': 0, 'total': 1}",0,0.0,0,0.0,0,0,0,0,0,1,0,1,Royal Challengers Bangalore,Bangalore,2017-04-08,male,T20,0,Royal Challengers Bangalore,runs,15,0,0,0,0,KM Jadhav,20,Royal Challengers Bangalore,Delhi Daredevils,Royal Challengers Bangalore,bat,M Chinnaswamy Stadium
14.3,KM Jadhav,Z Khan,{'wides': 1},STR Binny,"{'batsman': 0, 'extras': 1, 'total': 1}",0,1.0,0,0.0,0,0,0,0,0,0,1,1,Royal Challengers Bangalore,Bangalore,2017-04-08,male,T20,0,Royal Challengers Bangalore,runs,15,0,0,0,0,KM Jadhav,20,Royal Challengers Bangalore,Delhi Daredevils,Royal Challengers Bangalore,bat,M Chinnaswamy Stadium
14.4,KM Jadhav,Z Khan,0,STR Binny,"{'batsman': 0, 'extras': 0, 'total': 0}",0,0.0,0,0.0,0,0,0,0,0,0,0,0,Royal Challengers Bangalore,Bangalore,2017-04-08,male,T20,0,Royal Challengers Bangalore,runs,15,0,0,0,0,KM Jadhav,20,Royal Challengers Bangalore,Delhi Daredevils,Royal Challengers Bangalore,bat,M Chinnaswamy Stadium
14.5,KM Jadhav,Z Khan,0,STR Binny,"{'batsman': 4, 'extras': 0, 'total': 4}",0,0.0,0,0.0,0,0,0,0,0,4,0,4,Royal Challengers Bangalore,Bangalore,2017-04-08,male,T20,0,Royal Challengers Bangalore,runs,15,0,0,0,0,KM Jadhav,20,Royal Challengers Bangalore,Delhi Daredevils,Royal Challengers Bangalore,bat,M Chinnaswamy Stadium
14.6,KM Jadhav,Z Khan,0,STR Binny,"{'batsman': 1, 'extras': 0, 'total': 1}",0,0.0,0,0.0,0,0,0,0,0,1,0,1,Royal Challengers Bangalore,Bangalore,2017-04-08,male,T20,0,Royal Challengers Bangalore,runs,15,0,0,0,0,KM Jadhav,20,Royal Challengers Bangalore,Delhi Daredevils,Royal Challengers Bangalore,bat,M Chinnaswamy Stadium
14.7,STR Binny,Z Khan,0,KM Jadhav,"{'batsman': 0, 'extras': 0, 'total': 0}","{'fielders': ['SW Billings'], 'kind': 'caught', 'player_out': 'STR Binny'}",0.0,0,0.0,0,0,caught,STR Binny,['SW Billings'],0,0,0,Royal Challengers Bangalore,Bangalore,2017-04-08,male,T20,0,Royal Challengers Bangalore,runs,15,0,0,0,0,KM Jadhav,20,Royal Challengers Bangalore,Delhi Daredevils,Royal Challengers Bangalore,bat,M Chinnaswamy Stadium
15.1,Vishnu Vinod,CR Brathwaite,0,KM Jadhav,"{'batsman': 1, 'extras': 0, 'total': 1}",0,0.0,0,0.0,0,0,0,0,0,1,0,1,Royal Challengers Bangalore,Bangalore,2017-04-08,male,T20,0,Royal Challengers Bangalore,runs,15,0,0,0,0,KM Jadhav,20,Royal Challengers Bangalore,Delhi Daredevils,Royal Challengers Bangalore,bat,M Chinnaswamy Stadium
15.2,KM Jadhav,CR Brathwaite,0,Vishnu Vinod,"{'batsman': 1, 'extras': 0, 'total': 1}",0,0.0,0,0.0,0,0,0,0,0,1,0,1,Royal Challengers Bangalore,Bangalore,2017-04-08,male,T20,0,Royal Challengers Bangalore,runs,15,0,0,0,0,KM Jadhav,20,Royal Challengers Bangalore,Delhi Daredevils,Royal Challengers Bangalore,bat,M Chinnaswamy Stadium
15.3,Vishnu Vinod,CR Brathwaite,0,KM Jadhav,"{'batsman': 1, 'extras': 0, 'total': 1}",0,0.0,0,0.0,0,0,0,0,0,1,0,1,Royal Challengers Bangalore,Bangalore,2017-04-08,male,T20,0,Royal Challengers Bangalore,runs,15,0,0,0,0,KM Jadhav,20,Royal Challengers Bangalore,Delhi Daredevils,Royal Challengers Bangalore,bat,M Chinnaswamy Stadium
15.4,KM Jadhav,CR Brathwaite,0,Vishnu Vinod,"{'batsman': 0, 'extras': 0, 'total': 0}",0,0.0,0,0.0,0,0,0,0,0,0,0,0,Royal Challengers Bangalore,Bangalore,2017-04-08,male,T20,0,Royal Challengers Bangalore,runs,15,0,0,0,0,KM Jadhav,20,Royal Challengers Bangalore,Delhi Daredevils,Royal Challengers Bangalore,bat,M Chinnaswamy Stadium
15.5,KM Jadhav,CR Brathwaite,0,Vishnu Vinod,"{'batsman': 4, 'extras': 0, 'total': 4}",0,0.0,0,0.0,0,0,0,0,0,4,0,4,Royal Challengers Bangalore,Bangalore,2017-04-08,male,T20,0,Royal Challengers Bangalore,runs,15,0,0,0,0,KM Jadhav,20,Royal Challengers Bangalore,Delhi Daredevils,Royal Challengers Bangalore,bat,M Chinnaswamy Stadium
15.6,KM Jadhav,CR Brathwaite,0,Vishnu Vinod,"{'batsman': 6, 'extras': 0, 'total': 6}",0,0.0,0,0.0,0,0,0,0,0,6,0,6,Royal Challengers Bangalore,Bangalore,2017-04-08,male,T20,0,Royal Challengers Bangalore,runs,15,0,0,0,0,KM Jadhav,20,Royal Challengers Bangalore,Delhi Daredevils,Royal Challengers Bangalore,bat,M Chinnaswamy Stadium
16.1,Vishnu Vinod,Z Khan,0,KM Jadhav,"{'batsman': 1, 'extras': 0, 'total': 1}",0,0.0,0,0.0,0,0,0,0,0,1,0,1,Royal Challengers Bangalore,Bangalore,2017-04-08,male,T20,0,Royal Challengers Bangalore,runs,15,0,0,0,0,KM Jadhav,20,Royal Challengers Bangalore,Delhi Daredevils,Royal Challengers Bangalore,bat,M Chinnaswamy Stadium
16.2,KM Jadhav,Z Khan,0,Vishnu Vinod,"{'batsman': 1, 'extras': 0, 'total': 1}",0,0.0,0,0.0,0,0,0,0,0,1,0,1,Royal Challengers Bangalore,Bangalore,2017-04-08,male,T20,0,Royal Challengers Bangalore,runs,15,0,0,0,0,KM Jadhav,20,Royal Challengers Bangalore,Delhi Daredevils,Royal Challengers Bangalore,bat,M Chinnaswamy Stadium
16.3,Vishnu Vinod,Z Khan,0,KM Jadhav,"{'batsman': 6, 'extras': 0, 'total': 6}",0,0.0,0,0.0,0,0,0,0,0,6,0,6,Royal Challengers Bangalore,Bangalore,2017-04-08,male,T20,0,Royal Challengers Bangalore,runs,15,0,0,0,0,KM Jadhav,20,Royal Challengers Bangalore,Delhi Daredevils,Royal Challengers Bangalore,bat,M Chinnaswamy Stadium
16.4,Vishnu Vinod,Z Khan,0,KM Jadhav,"{'batsman': 0, 'extras': 0, 'total': 0}","{'fielders': ['S Nadeem', 'Z Khan'], 'kind': 'run out', 'player_out': 'Vishnu Vinod'}",0.0,0,0.0,0,0,run out,Vishnu Vinod,"['S Nadeem', 'Z Khan']",0,0,0,Royal Challengers Bangalore,Bangalore,2017-04-08,male,T20,0,Royal Challengers Bangalore,runs,15,0,0,0,0,KM Jadhav,20,Royal Challengers Bangalore,Delhi Daredevils,Royal Challengers Bangalore,bat,M Chinnaswamy Stadium
16.5,KM Jadhav,Z Khan,0,P Negi,"{'batsman': 0, 'extras': 0, 'total': 0}",0,0.0,0,0.0,0,0,0,0,0,0,0,0,Royal Challengers Bangalore,Bangalore,2017-04-08,male,T20,0,Royal Challengers Bangalore,runs,15,0,0,0,0,KM Jadhav,20,Royal Challengers Bangalore,Delhi Daredevils,Royal Challengers Bangalore,bat,M Chinnaswamy Stadium
16.6,KM Jadhav,Z Khan,0,P Negi,"{'batsman': 0, 'extras': 0, 'total': 0}","{'fielders': ['CH Morris'], 'kind': 'caught', 'player_out': 'KM Jadhav'}",0.0,0,0.0,0,0,caught,KM Jadhav,['CH Morris'],0,0,0,Royal Challengers Bangalore,Bangalore,2017-04-08,male,T20,0,Royal Challengers Bangalore,runs,15,0,0,0,0,KM Jadhav,20,Royal Challengers Bangalore,Delhi Daredevils,Royal Challengers Bangalore,bat,M Chinnaswamy Stadium
17.1,Iqbal Abdulla,CH Morris,0,P Negi,"{'batsman': 0, 'extras': 0, 'total': 0}",0,0.0,0,0.0,0,0,0,0,0,0,0,0,Royal Challengers Bangalore,Bangalore,2017-04-08,male,T20,0,Royal Challengers Bangalore,runs,15,0,0,0,0,KM Jadhav,20,Royal Challengers Bangalore,Delhi Daredevils,Royal Challengers Bangalore,bat,M Chinnaswamy Stadium
17.2,Iqbal Abdulla,CH Morris,0,P Negi,"{'batsman': 1, 'extras': 0, 'total': 1}",0,0.0,0,0.0,0,0,0,0,0,1,0,1,Royal Challengers Bangalore,Bangalore,2017-04-08,male,T20,0,Royal Challengers Bangalore,runs,15,0,0,0,0,KM Jadhav,20,Royal Challengers Bangalore,Delhi Daredevils,Royal Challengers Bangalore,bat,M Chinnaswamy Stadium
17.3,P Negi,CH Morris,0,Iqbal Abdulla,"{'batsman': 0, 'extras': 0, 'total': 0}",0,0.0,0,0.0,0,0,0,0,0,0,0,0,Royal Challengers Bangalore,Bangalore,2017-04-08,male,T20,0,Royal Challengers Bangalore,runs,15,0,0,0,0,KM Jadhav,20,Royal Challengers Bangalore,Delhi Daredevils,Royal Challengers Bangalore,bat,M Chinnaswamy Stadium
17.4,P Negi,CH Morris,0,Iqbal Abdulla,"{'batsman': 0, 'extras': 0, 'total': 0}",0,0.0,0,0.0,0,0,0,0,0,0,0,0,Royal Challengers Bangalore,Bangalore,2017-04-08,male,T20,0,Royal Challengers Bangalore,runs,15,0,0,0,0,KM Jadhav,20,Royal Challengers Bangalore,Delhi Daredevils,Royal Challengers Bangalore,bat,M Chinnaswamy Stadium
17.5,P Negi,CH Morris,0,Iqbal Abdulla,"{'batsman': 1, 'extras': 0, 'total': 1}",0,0.0,0,0.0,0,0,0,0,0,1,0,1,Royal Challengers Bangalore,Bangalore,2017-04-08,male,T20,0,Royal Challengers Bangalore,runs,15,0,0,0,0,KM Jadhav,20,Royal Challengers Bangalore,Delhi Daredevils,Royal Challengers Bangalore,bat,M Chinnaswamy Stadium
17.6,Iqbal Abdulla,CH Morris,0,P Negi,"{'batsman': 0, 'extras': 0, 'total': 0}",0,0.0,0,0.0,0,0,0,0,0,0,0,0,Royal Challengers Bangalore,Bangalore,2017-04-08,male,T20,0,Royal Challengers Bangalore,runs,15,0,0,0,0,KM Jadhav,20,Royal Challengers Bangalore,Delhi Daredevils,Royal Challengers Bangalore,bat,M Chinnaswamy Stadium
18.1,P Negi,PJ Cummins,0,Iqbal Abdulla,"{'batsman': 1, 'extras': 0, 'total': 1}",0,0.0,0,0.0,0,0,0,0,0,1,0,1,Royal Challengers Bangalore,Bangalore,2017-04-08,male,T20,0,Royal Challengers Bangalore,runs,15,0,0,0,0,KM Jadhav,20,Royal Challengers Bangalore,Delhi Daredevils,Royal Challengers Bangalore,bat,M Chinnaswamy Stadium
18.2,Iqbal Abdulla,PJ Cummins,0,P Negi,"{'batsman': 0, 'extras': 0, 'total': 0}",0,0.0,0,0.0,0,0,0,0,0,0,0,0,Royal Challengers Bangalore,Bangalore,2017-04-08,male,T20,0,Royal Challengers Bangalore,runs,15,0,0,0,0,KM Jadhav,20,Royal Challengers Bangalore,Delhi Daredevils,Royal Challengers Bangalore,bat,M Chinnaswamy Stadium
18.3,Iqbal Abdulla,PJ Cummins,0,P Negi,"{'batsman': 2, 'extras': 0, 'total': 2}",0,0.0,0,0.0,0,0,0,0,0,2,0,2,Royal Challengers Bangalore,Bangalore,2017-04-08,male,T20,0,Royal Challengers Bangalore,runs,15,0,0,0,0,KM Jadhav,20,Royal Challengers Bangalore,Delhi Daredevils,Royal Challengers Bangalore,bat,M Chinnaswamy Stadium
18.4,Iqbal Abdulla,PJ Cummins,0,P Negi,"{'batsman': 1, 'extras': 0, 'total': 1}",0,0.0,0,0.0,0,0,0,0,0,1,0,1,Royal Challengers Bangalore,Bangalore,2017-04-08,male,T20,0,Royal Challengers Bangalore,runs,15,0,0,0,0,KM Jadhav,20,Royal Challengers Bangalore,Delhi Daredevils,Royal Challengers Bangalore,bat,M Chinnaswamy Stadium
18.5,P Negi,PJ Cummins,0,Iqbal Abdulla,"{'batsman': 2, 'extras': 0, 'total': 2}",0,0.0,0,0.0,0,0,0,0,0,2,0,2,Royal Challengers Bangalore,Bangalore,2017-04-08,male,T20,0,Royal Challengers Bangalore,runs,15,0,0,0,0,KM Jadhav,20,Royal Challengers Bangalore,Delhi Daredevils,Royal Challengers Bangalore,bat,M Chinnaswamy Stadium
18.6,P Negi,PJ Cummins,0,Iqbal Abdulla,"{'batsman': 0, 'extras': 0, 'total': 0}",0,0.0,0,0.0,0,0,0,0,0,0,0,0,Royal Challengers Bangalore,Bangalore,2017-04-08,male,T20,0,Royal Challengers Bangalore,runs,15,0,0,0,0,KM Jadhav,20,Royal Challengers Bangalore,Delhi Daredevils,Royal Challengers Bangalore,bat,M Chinnaswamy Stadium
19.1,Iqbal Abdulla,CH Morris,0,P Negi,"{'batsman': 1, 'extras': 0, 'total': 1}",0,0.0,0,0.0,0,0,0,0,0,1,0,1,Royal Challengers Bangalore,Bangalore,2017-04-08,male,T20,0,Royal Challengers Bangalore,runs,15,0,0,0,0,KM Jadhav,20,Royal Challengers Bangalore,Delhi Daredevils,Royal Challengers Bangalore,bat,M Chinnaswamy Stadium
19.2,P Negi,CH Morris,0,Iqbal Abdulla,"{'batsman': 6, 'extras': 0, 'total': 6}",0,0.0,0,0.0,0,0,0,0,0,6,0,6,Royal Challengers Bangalore,Bangalore,2017-04-08,male,T20,0,Royal Challengers Bangalore,runs,15,0,0,0,0,KM Jadhav,20,Royal Challengers Bangalore,Delhi Daredevils,Royal Challengers Bangalore,bat,M Chinnaswamy Stadium
19.3,P Negi,CH Morris,0,Iqbal Abdulla,"{'batsman': 0, 'extras': 0, 'total': 0}","{'kind': 'bowled', 'player_out': 'P Negi'}",0.0,0,0.0,0,0,bowled,P Negi,0,0,0,0,Royal Challengers Bangalore,Bangalore,2017-04-08,male,T20,0,Royal Challengers Bangalore,runs,15,0,0,0,0,KM Jadhav,20,Royal Challengers Bangalore,Delhi Daredevils,Royal Challengers Bangalore,bat,M Chinnaswamy Stadium
19.4,TS Mills,CH Morris,0,Iqbal Abdulla,"{'batsman': 0, 'extras': 0, 'total': 0}",0,0.0,0,0.0,0,0,0,0,0,0,0,0,Royal Challengers Bangalore,Bangalore,2017-04-08,male,T20,0,Royal Challengers Bangalore,runs,15,0,0,0,0,KM Jadhav,20,Royal Challengers Bangalore,Delhi Daredevils,Royal Challengers Bangalore,bat,M Chinnaswamy Stadium
19.5,TS Mills,CH Morris,0,Iqbal Abdulla,"{'batsman': 0, 'extras': 0, 'total': 0}",0,0.0,0,0.0,0,0,0,0,0,0,0,0,Royal Challengers Bangalore,Bangalore,2017-04-08,male,T20,0,Royal Challengers Bangalore,runs,15,0,0,0,0,KM Jadhav,20,Royal Challengers Bangalore,Delhi Daredevils,Royal Challengers Bangalore,bat,M Chinnaswamy Stadium
19.6,TS Mills,CH Morris,0,Iqbal Abdulla,"{'batsman': 0, 'extras': 0, 'total': 0}","{'kind': 'bowled', 'player_out': 'TS Mills'}",0.0,0,0.0,0,0,bowled,TS Mills,0,0,0,0,Royal Challengers Bangalore,Bangalore,2017-04-08,male,T20,0,Royal Challengers Bangalore,runs,15,0,0,0,0,KM Jadhav,20,Royal Challengers Bangalore,Delhi Daredevils,Royal Challengers Bangalore,bat,M Chinnaswamy Stadium
0.1,AP Tare,B Stanlake,0,SW Billings,"{'batsman': 0, 'extras': 0, 'total': 0}",0,0.0,0,0.0,0,0,0,0,0,0,0,0,Delhi Daredevils,Bangalore,2017-04-08,male,T20,0,Royal Challengers Bangalore,runs,15,0,0,0,0,KM Jadhav,20,Royal Challengers Bangalore,Delhi Daredevils,Royal Challengers Bangalore,bat,M Chinnaswamy Stadium
0.2,AP Tare,B Stanlake,{'wides': 1},SW Billings,"{'batsman': 0, 'extras': 1, 'total': 1}",0,1.0,0,0.0,0,0,0,0,0,0,1,1,Delhi Daredevils,Bangalore,2017-04-08,male,T20,0,Royal Challengers Bangalore,runs,15,0,0,0,0,KM Jadhav,20,Royal Challengers Bangalore,Delhi Daredevils,Royal Challengers Bangalore,bat,M Chinnaswamy Stadium
0.3,AP Tare,B Stanlake,0,SW Billings,"{'batsman': 0, 'extras': 0, 'total': 0}",0,0.0,0,0.0,0,0,0,0,0,0,0,0,Delhi Daredevils,Bangalore,2017-04-08,male,T20,0,Royal Challengers Bangalore,runs,15,0,0,0,0,KM Jadhav,20,Royal Challengers Bangalore,Delhi Daredevils,Royal Challengers Bangalore,bat,M Chinnaswamy Stadium
0.4,AP Tare,B Stanlake,0,SW Billings,"{'batsman': 1, 'extras': 0, 'total': 1}",0,0.0,0,0.0,0,0,0,0,0,1,0,1,Delhi Daredevils,Bangalore,2017-04-08,male,T20,0,Royal Challengers Bangalore,runs,15,0,0,0,0,KM Jadhav,20,Royal Challengers Bangalore,Delhi Daredevils,Royal Challengers Bangalore,bat,M Chinnaswamy Stadium
0.5,SW Billings,B Stanlake,0,AP Tare,"{'batsman': 0, 'extras': 0, 'total': 0}",0,0.0,0,0.0,0,0,0,0,0,0,0,0,Delhi Daredevils,Bangalore,2017-04-08,male,T20,0,Royal Challengers Bangalore,runs,15,0,0,0,0,KM Jadhav,20,Royal Challengers Bangalore,Delhi Daredevils,Royal Challengers Bangalore,bat,M Chinnaswamy Stadium
0.6,SW Billings,B Stanlake,0,AP Tare,"{'batsman': 4, 'extras': 0, 'total': 4}",0,0.0,0,0.0,0,0,0,0,0,4,0,4,Delhi Daredevils,Bangalore,2017-04-08,male,T20,0,Royal Challengers Bangalore,runs,15,0,0,0,0,KM Jadhav,20,Royal Challengers Bangalore,Delhi Daredevils,Royal Challengers Bangalore,bat,M Chinnaswamy Stadium
0.7,SW Billings,B Stanlake,0,AP Tare,"{'batsman': 3, 'extras': 0, 'total': 3}",0,0.0,0,0.0,0,0,0,0,0,3,0,3,Delhi Daredevils,Bangalore,2017-04-08,male,T20,0,Royal Challengers Bangalore,runs,15,0,0,0,0,KM Jadhav,20,Royal Challengers Bangalore,Delhi Daredevils,Royal Challengers Bangalore,bat,M Chinnaswamy Stadium
1.1,SW Billings,YS Chahal,0,AP Tare,"{'batsman': 0, 'extras': 0, 'total': 0}",0,0.0,0,0.0,0,0,0,0,0,0,0,0,Delhi Daredevils,Bangalore,2017-04-08,male,T20,0,Royal Challengers Bangalore,runs,15,0,0,0,0,KM Jadhav,20,Royal Challengers Bangalore,Delhi Daredevils,Royal Challengers Bangalore,bat,M Chinnaswamy Stadium
1.2,SW Billings,YS Chahal,0,AP Tare,"{'batsman': 0, 'extras': 0, 'total': 0}",0,0.0,0,0.0,0,0,0,0,0,0,0,0,Delhi Daredevils,Bangalore,2017-04-08,male,T20,0,Royal Challengers Bangalore,runs,15,0,0,0,0,KM Jadhav,20,Royal Challengers Bangalore,Delhi Daredevils,Royal Challengers Bangalore,bat,M Chinnaswamy Stadium
1.3,SW Billings,YS Chahal,0,AP Tare,"{'batsman': 1, 'extras': 0, 'total': 1}",0,0.0,0,0.0,0,0,0,0,0,1,0,1,Delhi Daredevils,Bangalore,2017-04-08,male,T20,0,Royal Challengers Bangalore,runs,15,0,0,0,0,KM Jadhav,20,Royal Challengers Bangalore,Delhi Daredevils,Royal Challengers Bangalore,bat,M Chinnaswamy Stadium
1.4,AP Tare,YS Chahal,0,SW Billings,"{'batsman': 1, 'extras': 0, 'total': 1}",0,0.0,0,0.0,0,0,0,0,0,1,0,1,Delhi Daredevils,Bangalore,2017-04-08,male,T20,0,Royal Challengers Bangalore,runs,15,0,0,0,0,KM Jadhav,20,Royal Challengers Bangalore,Delhi Daredevils,Royal Challengers Bangalore,bat,M Chinnaswamy Stadium
1.5,SW Billings,YS Chahal,0,AP Tare,"{'batsman': 1, 'extras': 0, 'total': 1}",0,0.0,0,0.0,0,0,0,0,0,1,0,1,Delhi Daredevils,Bangalore,2017-04-08,male,T20,0,Royal Challengers Bangalore,runs,15,0,0,0,0,KM Jadhav,20,Royal Challengers Bangalore,Delhi Daredevils,Royal Challengers Bangalore,bat,M Chinnaswamy Stadium
1.6,AP Tare,YS Chahal,0,SW Billings,"{'batsman': 1, 'extras': 0, 'total': 1}",0,0.0,0,0.0,0,0,0,0,0,1,0,1,Delhi Daredevils,Bangalore,2017-04-08,male,T20,0,Royal Challengers Bangalore,runs,15,0,0,0,0,KM Jadhav,20,Royal Challengers Bangalore,Delhi Daredevils,Royal Challengers Bangalore,bat,M Chinnaswamy Stadium
2.1,AP Tare,B Stanlake,0,SW Billings,"{'batsman': 4, 'extras': 0, 'total': 4}",0,0.0,0,0.0,0,0,0,0,0,4,0,4,Delhi Daredevils,Bangalore,2017-04-08,male,T20,0,Royal Challengers Bangalore,runs,15,0,0,0,0,KM Jadhav,20,Royal Challengers Bangalore,Delhi Daredevils,Royal Challengers Bangalore,bat,M Chinnaswamy Stadium
2.2,AP Tare,B Stanlake,0,SW Billings,"{'batsman': 0, 'extras': 0, 'total': 0}",0,0.0,0,0.0,0,0,0,0,0,0,0,0,Delhi Daredevils,Bangalore,2017-04-08,male,T20,0,Royal Challengers Bangalore,runs,15,0,0,0,0,KM Jadhav,20,Royal Challengers Bangalore,Delhi Daredevils,Royal Challengers Bangalore,bat,M Chinnaswamy Stadium
2.3,AP Tare,B Stanlake,0,SW Billings,"{'batsman': 0, 'extras': 0, 'total': 0}",0,0.0,0,0.0,0,0,0,0,0,0,0,0,Delhi Daredevils,Bangalore,2017-04-08,male,T20,0,Royal Challengers Bangalore,runs,15,0,0,0,0,KM Jadhav,20,Royal Challengers Bangalore,Delhi Daredevils,Royal Challengers Bangalore,bat,M Chinnaswamy Stadium
2.4,AP Tare,B Stanlake,0,SW Billings,"{'batsman': 0, 'extras': 0, 'total': 0}",0,0.0,0,0.0,0,0,0,0,0,0,0,0,Delhi Daredevils,Bangalore,2017-04-08,male,T20,0,Royal Challengers Bangalore,runs,15,0,0,0,0,KM Jadhav,20,Royal Challengers Bangalore,Delhi Daredevils,Royal Challengers Bangalore,bat,M Chinnaswamy Stadium
2.5,AP Tare,B Stanlake,0,SW Billings,"{'batsman': 0, 'extras': 0, 'total': 0}",0,0.0,0,0.0,0,0,0,0,0,0,0,0,Delhi Daredevils,Bangalore,2017-04-08,male,T20,0,Royal Challengers Bangalore,runs,15,0,0,0,0,KM Jadhav,20,Royal Challengers Bangalore,Delhi Daredevils,Royal Challengers Bangalore,bat,M Chinnaswamy Stadium
2.6,AP Tare,B Stanlake,0,SW Billings,"{'batsman': 4, 'extras': 0, 'total': 4}",0,0.0,0,0.0,0,0,0,0,0,4,0,4,Delhi Daredevils,Bangalore,2017-04-08,male,T20,0,Royal Challengers Bangalore,runs,15,0,0,0,0,KM Jadhav,20,Royal Challengers Bangalore,Delhi Daredevils,Royal Challengers Bangalore,bat,M Chinnaswamy Stadium
3.1,SW Billings,Iqbal Abdulla,0,AP Tare,"{'batsman': 1, 'extras': 0, 'total': 1}",0,0.0,0,0.0,0,0,0,0,0,1,0,1,Delhi Daredevils,Bangalore,2017-04-08,male,T20,0,Royal Challengers Bangalore,runs,15,0,0,0,0,KM Jadhav,20,Royal Challengers Bangalore,Delhi Daredevils,Royal Challengers Bangalore,bat,M Chinnaswamy Stadium
3.2,AP Tare,Iqbal Abdulla,0,SW Billings,"{'batsman': 4, 'extras': 0, 'total': 4}",0,0.0,0,0.0,0,0,0,0,0,4,0,4,Delhi Daredevils,Bangalore,2017-04-08,male,T20,0,Royal Challengers Bangalore,runs,15,0,0,0,0,KM Jadhav,20,Royal Challengers Bangalore,Delhi Daredevils,Royal Challengers Bangalore,bat,M Chinnaswamy Stadium
3.3,AP Tare,Iqbal Abdulla,0,SW Billings,"{'batsman': 2, 'extras': 0, 'total': 2}",0,0.0,0,0.0,0,0,0,0,0,2,0,2,Delhi Daredevils,Bangalore,2017-04-08,male,T20,0,Royal Challengers Bangalore,runs,15,0,0,0,0,KM Jadhav,20,Royal Challengers Bangalore,Delhi Daredevils,Royal Challengers Bangalore,bat,M Chinnaswamy Stadium
3.4,AP Tare,Iqbal Abdulla,0,SW Billings,"{'batsman': 1, 'extras': 0, 'total': 1}",0,0.0,0,0.0,0,0,0,0,0,1,0,1,Delhi Daredevils,Bangalore,2017-04-08,male,T20,0,Royal Challengers Bangalore,runs,15,0,0,0,0,KM Jadhav,20,Royal Challengers Bangalore,Delhi Daredevils,Royal Challengers Bangalore,bat,M Chinnaswamy Stadium
3.5,SW Billings,Iqbal Abdulla,0,AP Tare,"{'batsman': 2, 'extras': 0, 'total': 2}",0,0.0,0,0.0,0,0,0,0,0,2,0,2,Delhi Daredevils,Bangalore,2017-04-08,male,T20,0,Royal Challengers Bangalore,runs,15,0,0,0,0,KM Jadhav,20,Royal Challengers Bangalore,Delhi Daredevils,Royal Challengers Bangalore,bat,M Chinnaswamy Stadium
3.6,SW Billings,Iqbal Abdulla,0,AP Tare,"{'batsman': 1, 'extras': 0, 'total': 1}",0,0.0,0,0.0,0,0,0,0,0,1,0,1,Delhi Daredevils,Bangalore,2017-04-08,male,T20,0,Royal Challengers Bangalore,runs,15,0,0,0,0,KM Jadhav,20,Royal Challengers Bangalore,Delhi Daredevils,Royal Challengers Bangalore,bat,M Chinnaswamy Stadium
4.1,SW Billings,TS Mills,0,AP Tare,"{'batsman': 1, 'extras': 0, 'total': 1}",0,0.0,0,0.0,0,0,0,0,0,1,0,1,Delhi Daredevils,Bangalore,2017-04-08,male,T20,0,Royal Challengers Bangalore,runs,15,0,0,0,0,KM Jadhav,20,Royal Challengers Bangalore,Delhi Daredevils,Royal Challengers Bangalore,bat,M Chinnaswamy Stadium
4.2,AP Tare,TS Mills,0,SW Billings,"{'batsman': 0, 'extras': 0, 'total': 0}",0,0.0,0,0.0,0,0,0,0,0,0,0,0,Delhi Daredevils,Bangalore,2017-04-08,male,T20,0,Royal Challengers Bangalore,runs,15,0,0,0,0,KM Jadhav,20,Royal Challengers Bangalore,Delhi Daredevils,Royal Challengers Bangalore,bat,M Chinnaswamy Stadium
4.3,AP Tare,TS Mills,0,SW Billings,"{'batsman': 0, 'extras': 0, 'total': 0}",0,0.0,0,0.0,0,0,0,0,0,0,0,0,Delhi Daredevils,Bangalore,2017-04-08,male,T20,0,Royal Challengers Bangalore,runs,15,0,0,0,0,KM Jadhav,20,Royal Challengers Bangalore,Delhi Daredevils,Royal Challengers Bangalore,bat,M Chinnaswamy Stadium
4.4,AP Tare,TS Mills,0,SW Billings,"{'batsman': 0, 'extras': 0, 'total': 0}","{'kind': 'bowled', 'player_out': 'AP Tare'}",0.0,0,0.0,0,0,bowled,AP Tare,0,0,0,0,Delhi Daredevils,Bangalore,2017-04-08,male,T20,0,Royal Challengers Bangalore,runs,15,0,0,0,0,KM Jadhav,20,Royal Challengers Bangalore,Delhi Daredevils,Royal Challengers Bangalore,bat,M Chinnaswamy Stadium
4.5,KK Nair,TS Mills,0,SW Billings,"{'batsman': 0, 'extras': 0, 'total': 0}",0,0.0,0,0.0,0,0,0,0,0,0,0,0,Delhi Daredevils,Bangalore,2017-04-08,male,T20,0,Royal Challengers Bangalore,runs,15,0,0,0,0,KM Jadhav,20,Royal Challengers Bangalore,Delhi Daredevils,Royal Challengers Bangalore,bat,M Chinnaswamy Stadium
4.6,KK Nair,TS Mills,0,SW Billings,"{'batsman': 4, 'extras': 0, 'total': 4}",0,0.0,0,0.0,0,0,0,0,0,4,0,4,Delhi Daredevils,Bangalore,2017-04-08,male,T20,0,Royal Challengers Bangalore,runs,15,0,0,0,0,KM Jadhav,20,Royal Challengers Bangalore,Delhi Daredevils,Royal Challengers Bangalore,bat,M Chinnaswamy Stadium
5.1,SW Billings,B Stanlake,0,KK Nair,"{'batsman': 0, 'extras': 0, 'total': 0}",0,0.0,0,0.0,0,0,0,0,0,0,0,0,Delhi Daredevils,Bangalore,2017-04-08,male,T20,0,Royal Challengers Bangalore,runs,15,0,0,0,0,KM Jadhav,20,Royal Challengers Bangalore,Delhi Daredevils,Royal Challengers Bangalore,bat,M Chinnaswamy Stadium
5.2,SW Billings,B Stanlake,0,KK Nair,"{'batsman': 1, 'extras': 0, 'total': 1}",0,0.0,0,0.0,0,0,0,0,0,1,0,1,Delhi Daredevils,Bangalore,2017-04-08,male,T20,0,Royal Challengers Bangalore,runs,15,0,0,0,0,KM Jadhav,20,Royal Challengers Bangalore,Delhi Daredevils,Royal Challengers Bangalore,bat,M Chinnaswamy Stadium
5.3,KK Nair,B Stanlake,0,SW Billings,"{'batsman': 0, 'extras': 0, 'total': 0}","{'kind': 'bowled', 'player_out': 'KK Nair'}",0.0,0,0.0,0,0,bowled,KK Nair,0,0,0,0,Delhi Daredevils,Bangalore,2017-04-08,male,T20,0,Royal Challengers Bangalore,runs,15,0,0,0,0,KM Jadhav,20,Royal Challengers Bangalore,Delhi Daredevils,Royal Challengers Bangalore,bat,M Chinnaswamy Stadium
5.4,SV Samson,B Stanlake,0,SW Billings,"{'batsman': 3, 'extras': 0, 'total': 3}",0,0.0,0,0.0,0,0,0,0,0,3,0,3,Delhi Daredevils,Bangalore,2017-04-08,male,T20,0,Royal Challengers Bangalore,runs,15,0,0,0,0,KM Jadhav,20,Royal Challengers Bangalore,Delhi Daredevils,Royal Challengers Bangalore,bat,M Chinnaswamy Stadium
5.5,SW Billings,B Stanlake,0,SV Samson,"{'batsman': 1, 'extras': 0, 'total': 1}",0,0.0,0,0.0,0,0,0,0,0,1,0,1,Delhi Daredevils,Bangalore,2017-04-08,male,T20,0,Royal Challengers Bangalore,runs,15,0,0,0,0,KM Jadhav,20,Royal Challengers Bangalore,Delhi Daredevils,Royal Challengers Bangalore,bat,M Chinnaswamy Stadium
5.6,SV Samson,B Stanlake,0,SW Billings,"{'batsman': 1, 'extras': 0, 'total': 1}",0,0.0,0,0.0,0,0,0,0,0,1,0,1,Delhi Daredevils,Bangalore,2017-04-08,male,T20,0,Royal Challengers Bangalore,runs,15,0,0,0,0,KM Jadhav,20,Royal Challengers Bangalore,Delhi Daredevils,Royal Challengers Bangalore,bat,M Chinnaswamy Stadium
6.1,SV Samson,YS Chahal,0,SW Billings,"{'batsman': 1, 'extras': 0, 'total': 1}",0,0.0,0,0.0,0,0,0,0,0,1,0,1,Delhi Daredevils,Bangalore,2017-04-08,male,T20,0,Royal Challengers Bangalore,runs,15,0,0,0,0,KM Jadhav,20,Royal Challengers Bangalore,Delhi Daredevils,Royal Challengers Bangalore,bat,M Chinnaswamy Stadium
6.2,SW Billings,YS Chahal,0,SV Samson,"{'batsman': 1, 'extras': 0, 'total': 1}",0,0.0,0,0.0,0,0,0,0,0,1,0,1,Delhi Daredevils,Bangalore,2017-04-08,male,T20,0,Royal Challengers Bangalore,runs,15,0,0,0,0,KM Jadhav,20,Royal Challengers Bangalore,Delhi Daredevils,Royal Challengers Bangalore,bat,M Chinnaswamy Stadium
6.3,SV Samson,YS Chahal,0,SW Billings,"{'batsman': 0, 'extras': 0, 'total': 0}",0,0.0,0,0.0,0,0,0,0,0,0,0,0,Delhi Daredevils,Bangalore,2017-04-08,male,T20,0,Royal Challengers Bangalore,runs,15,0,0,0,0,KM Jadhav,20,Royal Challengers Bangalore,Delhi Daredevils,Royal Challengers Bangalore,bat,M Chinnaswamy Stadium
6.4,SV Samson,YS Chahal,0,SW Billings,"{'batsman': 1, 'extras': 0, 'total': 1}",0,0.0,0,0.0,0,0,0,0,0,1,0,1,Delhi Daredevils,Bangalore,2017-04-08,male,T20,0,Royal Challengers Bangalore,runs,15,0,0,0,0,KM Jadhav,20,Royal Challengers Bangalore,Delhi Daredevils,Royal Challengers Bangalore,bat,M Chinnaswamy Stadium
6.5,SW Billings,YS Chahal,0,SV Samson,"{'batsman': 6, 'extras': 0, 'total': 6}",0,0.0,0,0.0,0,0,0,0,0,6,0,6,Delhi Daredevils,Bangalore,2017-04-08,male,T20,0,Royal Challengers Bangalore,runs,15,0,0,0,0,KM Jadhav,20,Royal Challengers Bangalore,Delhi Daredevils,Royal Challengers Bangalore,bat,M Chinnaswamy Stadium
6.6,SW Billings,YS Chahal,0,SV Samson,"{'batsman': 1, 'extras': 0, 'total': 1}",0,0.0,0,0.0,0,0,0,0,0,1,0,1,Delhi Daredevils,Bangalore,2017-04-08,male,T20,0,Royal Challengers Bangalore,runs,15,0,0,0,0,KM Jadhav,20,Royal Challengers Bangalore,Delhi Daredevils,Royal Challengers Bangalore,bat,M Chinnaswamy Stadium
7.1,SW Billings,Iqbal Abdulla,0,SV Samson,"{'batsman': 1, 'extras': 0, 'total': 1}",0,0.0,0,0.0,0,0,0,0,0,1,0,1,Delhi Daredevils,Bangalore,2017-04-08,male,T20,0,Royal Challengers Bangalore,runs,15,0,0,0,0,KM Jadhav,20,Royal Challengers Bangalore,Delhi Daredevils,Royal Challengers Bangalore,bat,M Chinnaswamy Stadium
7.2,SV Samson,Iqbal Abdulla,0,SW Billings,"{'batsman': 1, 'extras': 0, 'total': 1}",0,0.0,0,0.0,0,0,0,0,0,1,0,1,Delhi Daredevils,Bangalore,2017-04-08,male,T20,0,Royal Challengers Bangalore,runs,15,0,0,0,0,KM Jadhav,20,Royal Challengers Bangalore,Delhi Daredevils,Royal Challengers Bangalore,bat,M Chinnaswamy Stadium
7.3,SW Billings,Iqbal Abdulla,0,SV Samson,"{'batsman': 0, 'extras': 0, 'total': 0}","{'fielders': ['B Stanlake'], 'kind': 'caught', 'player_out': 'SW Billings'}",0.0,0,0.0,0,0,caught,SW Billings,['B Stanlake'],0,0,0,Delhi Daredevils,Bangalore,2017-04-08,male,T20,0,Royal Challengers Bangalore,runs,15,0,0,0,0,KM Jadhav,20,Royal Challengers Bangalore,Delhi Daredevils,Royal Challengers Bangalore,bat,M Chinnaswamy Stadium
7.4,SV Samson,Iqbal Abdulla,0,RR Pant,"{'batsman': 1, 'extras': 0, 'total': 1}",0,0.0,0,0.0,0,0,0,0,0,1,0,1,Delhi Daredevils,Bangalore,2017-04-08,male,T20,0,Royal Challengers Bangalore,runs,15,0,0,0,0,KM Jadhav,20,Royal Challengers Bangalore,Delhi Daredevils,Royal Challengers Bangalore,bat,M Chinnaswamy Stadium
7.5,RR Pant,Iqbal Abdulla,0,SV Samson,"{'batsman': 6, 'extras': 0, 'total': 6}",0,0.0,0,0.0,0,0,0,0,0,6,0,6,Delhi Daredevils,Bangalore,2017-04-08,male,T20,0,Royal Challengers Bangalore,runs,15,0,0,0,0,KM Jadhav,20,Royal Challengers Bangalore,Delhi Daredevils,Royal Challengers Bangalore,bat,M Chinnaswamy Stadium
7.6,RR Pant,Iqbal Abdulla,{'wides': 1},SV Samson,"{'batsman': 0, 'extras': 1, 'total': 1}",0,1.0,0,0.0,0,0,0,0,0,0,1,1,Delhi Daredevils,Bangalore,2017-04-08,male,T20,0,Royal Challengers Bangalore,runs,15,0,0,0,0,KM Jadhav,20,Royal Challengers Bangalore,Delhi Daredevils,Royal Challengers Bangalore,bat,M Chinnaswamy Stadium
7.7,RR Pant,Iqbal Abdulla,{'wides': 1},SV Samson,"{'batsman': 0, 'extras': 1, 'total': 1}",0,1.0,0,0.0,0,0,0,0,0,0,1,1,Delhi Daredevils,Bangalore,2017-04-08,male,T20,0,Royal Challengers Bangalore,runs,15,0,0,0,0,KM Jadhav,20,Royal Challengers Bangalore,Delhi Daredevils,Royal Challengers Bangalore,bat,M Chinnaswamy Stadium
7.8,RR Pant,Iqbal Abdulla,0,SV Samson,"{'batsman': 1, 'extras': 0, 'total': 1}",0,0.0,0,0.0,0,0,0,0,0,1,0,1,Delhi Daredevils,Bangalore,2017-04-08,male,T20,0,Royal Challengers Bangalore,runs,15,0,0,0,0,KM Jadhav,20,Royal Challengers Bangalore,Delhi Daredevils,Royal Challengers Bangalore,bat,M Chinnaswamy Stadium
8.1,RR Pant,YS Chahal,0,SV Samson,"{'batsman': 0, 'extras': 0, 'total': 0}",0,0.0,0,0.0,0,0,0,0,0,0,0,0,Delhi Daredevils,Bangalore,2017-04-08,male,T20,0,Royal Challengers Bangalore,runs,15,0,0,0,0,KM Jadhav,20,Royal Challengers Bangalore,Delhi Daredevils,Royal Challengers Bangalore,bat,M Chinnaswamy Stadium
8.2,RR Pant,YS Chahal,0,SV Samson,"{'batsman': 1, 'extras': 0, 'total': 1}",0,0.0,0,0.0,0,0,0,0,0,1,0,1,Delhi Daredevils,Bangalore,2017-04-08,male,T20,0,Royal Challengers Bangalore,runs,15,0,0,0,0,KM Jadhav,20,Royal Challengers Bangalore,Delhi Daredevils,Royal Challengers Bangalore,bat,M Chinnaswamy Stadium
8.3,SV Samson,YS Chahal,{'legbyes': 1},RR Pant,"{'batsman': 0, 'extras': 1, 'total': 1}",0,0.0,0,1.0,0,0,0,0,0,0,1,1,Delhi Daredevils,Bangalore,2017-04-08,male,T20,0,Royal Challengers Bangalore,runs,15,0,0,0,0,KM Jadhav,20,Royal Challengers Bangalore,Delhi Daredevils,Royal Challengers Bangalore,bat,M Chinnaswamy Stadium
8.4,RR Pant,YS Chahal,0,SV Samson,"{'batsman': 2, 'extras': 0, 'total': 2}",0,0.0,0,0.0,0,0,0,0,0,2,0,2,Delhi Daredevils,Bangalore,2017-04-08,male,T20,0,Royal Challengers Bangalore,runs,15,0,0,0,0,KM Jadhav,20,Royal Challengers Bangalore,Delhi Daredevils,Royal Challengers Bangalore,bat,M Chinnaswamy Stadium
8.5,RR Pant,YS Chahal,0,SV Samson,"{'batsman': 0, 'extras': 0, 'total': 0}",0,0.0,0,0.0,0,0,0,0,0,0,0,0,Delhi Daredevils,Bangalore,2017-04-08,male,T20,0,Royal Challengers Bangalore,runs,15,0,0,0,0,KM Jadhav,20,Royal Challengers Bangalore,Delhi Daredevils,Royal Challengers Bangalore,bat,M Chinnaswamy Stadium
8.6,RR Pant,YS Chahal,0,SV Samson,"{'batsman': 1, 'extras': 0, 'total': 1}",0,0.0,0,0.0,0,0,0,0,0,1,0,1,Delhi Daredevils,Bangalore,2017-04-08,male,T20,0,Royal Challengers Bangalore,runs,15,0,0,0,0,KM Jadhav,20,Royal Challengers Bangalore,Delhi Daredevils,Royal Challengers Bangalore,bat,M Chinnaswamy Stadium
9.1,RR Pant,TS Mills,0,SV Samson,"{'batsman': 1, 'extras': 0, 'total': 1}",0,0.0,0,0.0,0,0,0,0,0,1,0,1,Delhi Daredevils,Bangalore,2017-04-08,male,T20,0,Royal Challengers Bangalore,runs,15,0,0,0,0,KM Jadhav,20,Royal Challengers Bangalore,Delhi Daredevils,Royal Challengers Bangalore,bat,M Chinnaswamy Stadium
9.2,SV Samson,TS Mills,0,RR Pant,"{'batsman': 1, 'extras': 0, 'total': 1}",0,0.0,0,0.0,0,0,0,0,0,1,0,1,Delhi Daredevils,Bangalore,2017-04-08,male,T20,0,Royal Challengers Bangalore,runs,15,0,0,0,0,KM Jadhav,20,Royal Challengers Bangalore,Delhi Daredevils,Royal Challengers Bangalore,bat,M Chinnaswamy Stadium
9.3,RR Pant,TS Mills,0,SV Samson,"{'batsman': 0, 'extras': 0, 'total': 0}",0,0.0,0,0.0,0,0,0,0,0,0,0,0,Delhi Daredevils,Bangalore,2017-04-08,male,T20,0,Royal Challengers Bangalore,runs,15,0,0,0,0,KM Jadhav,20,Royal Challengers Bangalore,Delhi Daredevils,Royal Challengers Bangalore,bat,M Chinnaswamy Stadium
9.4,RR Pant,TS Mills,0,SV Samson,"{'batsman': 4, 'extras': 0, 'total': 4}",0,0.0,0,0.0,0,0,0,0,0,4,0,4,Delhi Daredevils,Bangalore,2017-04-08,male,T20,0,Royal Challengers Bangalore,runs,15,0,0,0,0,KM Jadhav,20,Royal Challengers Bangalore,Delhi Daredevils,Royal Challengers Bangalore,bat,M Chinnaswamy Stadium
9.5,RR Pant,TS Mills,0,SV Samson,"{'batsman': 2, 'extras': 0, 'total': 2}",0,0.0,0,0.0,0,0,0,0,0,2,0,2,Delhi Daredevils,Bangalore,2017-04-08,male,T20,0,Royal Challengers Bangalore,runs,15,0,0,0,0,KM Jadhav,20,Royal Challengers Bangalore,Delhi Daredevils,Royal Challengers Bangalore,bat,M Chinnaswamy Stadium
9.6,RR Pant,TS Mills,0,SV Samson,"{'batsman': 1, 'extras': 0, 'total': 1}",0,0.0,0,0.0,0,0,0,0,0,1,0,1,Delhi Daredevils,Bangalore,2017-04-08,male,T20,0,Royal Challengers Bangalore,runs,15,0,0,0,0,KM Jadhav,20,Royal Challengers Bangalore,Delhi Daredevils,Royal Challengers Bangalore,bat,M Chinnaswamy Stadium
10.1,RR Pant,B Stanlake,0,SV Samson,"{'batsman': 0, 'extras': 0, 'total': 0}",0,0.0,0,0.0,0,0,0,0,0,0,0,0,Delhi Daredevils,Bangalore,2017-04-08,male,T20,0,Royal Challengers Bangalore,runs,15,0,0,0,0,KM Jadhav,20,Royal Challengers Bangalore,Delhi Daredevils,Royal Challengers Bangalore,bat,M Chinnaswamy Stadium
10.2,RR Pant,B Stanlake,0,SV Samson,"{'batsman': 1, 'extras': 0, 'total': 1}",0,0.0,0,0.0,0,0,0,0,0,1,0,1,Delhi Daredevils,Bangalore,2017-04-08,male,T20,0,Royal Challengers Bangalore,runs,15,0,0,0,0,KM Jadhav,20,Royal Challengers Bangalore,Delhi Daredevils,Royal Challengers Bangalore,bat,M Chinnaswamy Stadium
10.3,SV Samson,B Stanlake,0,RR Pant,"{'batsman': 4, 'extras': 0, 'total': 4}",0,0.0,0,0.0,0,0,0,0,0,4,0,4,Delhi Daredevils,Bangalore,2017-04-08,male,T20,0,Royal Challengers Bangalore,runs,15,0,0,0,0,KM Jadhav,20,Royal Challengers Bangalore,Delhi Daredevils,Royal Challengers Bangalore,bat,M Chinnaswamy Stadium
10.4,SV Samson,B Stanlake,0,RR Pant,"{'batsman': 0, 'extras': 0, 'total': 0}",0,0.0,0,0.0,0,0,0,0,0,0,0,0,Delhi Daredevils,Bangalore,2017-04-08,male,T20,0,Royal Challengers Bangalore,runs,15,0,0,0,0,KM Jadhav,20,Royal Challengers Bangalore,Delhi Daredevils,Royal Challengers Bangalore,bat,M Chinnaswamy Stadium
10.5,SV Samson,B Stanlake,0,RR Pant,"{'batsman': 0, 'extras': 0, 'total': 0}","{'fielders': ['STR Binny'], 'kind': 'caught', 'player_out': 'SV Samson'}",0.0,0,0.0,0,0,caught,SV Samson,['STR Binny'],0,0,0,Delhi Daredevils,Bangalore,2017-04-08,male,T20,0,Royal Challengers Bangalore,runs,15,0,0,0,0,KM Jadhav,20,Royal Challengers Bangalore,Delhi Daredevils,Royal Challengers Bangalore,bat,M Chinnaswamy Stadium
10.6,CH Morris,B Stanlake,0,RR Pant,"{'batsman': 1, 'extras': 0, 'total': 1}",0,0.0,0,0.0,0,0,0,0,0,1,0,1,Delhi Daredevils,Bangalore,2017-04-08,male,T20,0,Royal Challengers Bangalore,runs,15,0,0,0,0,KM Jadhav,20,Royal Challengers Bangalore,Delhi Daredevils,Royal Challengers Bangalore,bat,M Chinnaswamy Stadium
11.1,CH Morris,SR Watson,0,RR Pant,"{'batsman': 1, 'extras': 0, 'total': 1}",0,0.0,0,0.0,0,0,0,0,0,1,0,1,Delhi Daredevils,Bangalore,2017-04-08,male,T20,0,Royal Challengers Bangalore,runs,15,0,0,0,0,KM Jadhav,20,Royal Challengers Bangalore,Delhi Daredevils,Royal Challengers Bangalore,bat,M Chinnaswamy Stadium
11.2,RR Pant,SR Watson,0,CH Morris,"{'batsman': 0, 'extras': 0, 'total': 0}",0,0.0,0,0.0,0,0,0,0,0,0,0,0,Delhi Daredevils,Bangalore,2017-04-08,male,T20,0,Royal Challengers Bangalore,runs,15,0,0,0,0,KM Jadhav,20,Royal Challengers Bangalore,Delhi Daredevils,Royal Challengers Bangalore,bat,M Chinnaswamy Stadium
11.3,RR Pant,SR Watson,0,CH Morris,"{'batsman': 6, 'extras': 0, 'total': 6}",0,0.0,0,0.0,0,0,0,0,0,6,0,6,Delhi Daredevils,Bangalore,2017-04-08,male,T20,0,Royal Challengers Bangalore,runs,15,0,0,0,0,KM Jadhav,20,Royal Challengers Bangalore,Delhi Daredevils,Royal Challengers Bangalore,bat,M Chinnaswamy Stadium
11.4,RR Pant,SR Watson,0,CH Morris,"{'batsman': 0, 'extras': 0, 'total': 0}",0,0.0,0,0.0,0,0,0,0,0,0,0,0,Delhi Daredevils,Bangalore,2017-04-08,male,T20,0,Royal Challengers Bangalore,runs,15,0,0,0,0,KM Jadhav,20,Royal Challengers Bangalore,Delhi Daredevils,Royal Challengers Bangalore,bat,M Chinnaswamy Stadium
11.5,RR Pant,SR Watson,0,CH Morris,"{'batsman': 1, 'extras': 0, 'total': 1}",0,0.0,0,0.0,0,0,0,0,0,1,0,1,Delhi Daredevils,Bangalore,2017-04-08,male,T20,0,Royal Challengers Bangalore,runs,15,0,0,0,0,KM Jadhav,20,Royal Challengers Bangalore,Delhi Daredevils,Royal Challengers Bangalore,bat,M Chinnaswamy Stadium
11.6,CH Morris,SR Watson,0,RR Pant,"{'batsman': 1, 'extras': 0, 'total': 1}",0,0.0,0,0.0,0,0,0,0,0,1,0,1,Delhi Daredevils,Bangalore,2017-04-08,male,T20,0,Royal Challengers Bangalore,runs,15,0,0,0,0,KM Jadhav,20,Royal Challengers Bangalore,Delhi Daredevils,Royal Challengers Bangalore,bat,M Chinnaswamy Stadium
12.1,CH Morris,Iqbal Abdulla,0,RR Pant,"{'batsman': 1, 'extras': 0, 'total': 1}",0,0.0,0,0.0,0,0,0,0,0,1,0,1,Delhi Daredevils,Bangalore,2017-04-08,male,T20,0,Royal Challengers Bangalore,runs,15,0,0,0,0,KM Jadhav,20,Royal Challengers Bangalore,Delhi Daredevils,Royal Challengers Bangalore,bat,M Chinnaswamy Stadium
12.2,RR Pant,Iqbal Abdulla,0,CH Morris,"{'batsman': 4, 'extras': 0, 'total': 4}",0,0.0,0,0.0,0,0,0,0,0,4,0,4,Delhi Daredevils,Bangalore,2017-04-08,male,T20,0,Royal Challengers Bangalore,runs,15,0,0,0,0,KM Jadhav,20,Royal Challengers Bangalore,Delhi Daredevils,Royal Challengers Bangalore,bat,M Chinnaswamy Stadium
12.3,RR Pant,Iqbal Abdulla,0,CH Morris,"{'batsman': 6, 'extras': 0, 'total': 6}",0,0.0,0,0.0,0,0,0,0,0,6,0,6,Delhi Daredevils,Bangalore,2017-04-08,male,T20,0,Royal Challengers Bangalore,runs,15,0,0,0,0,KM Jadhav,20,Royal Challengers Bangalore,Delhi Daredevils,Royal Challengers Bangalore,bat,M Chinnaswamy Stadium
12.4,RR Pant,Iqbal Abdulla,0,CH Morris,"{'batsman': 0, 'extras': 0, 'total': 0}",0,0.0,0,0.0,0,0,0,0,0,0,0,0,Delhi Daredevils,Bangalore,2017-04-08,male,T20,0,Royal Challengers Bangalore,runs,15,0,0,0,0,KM Jadhav,20,Royal Challengers Bangalore,Delhi Daredevils,Royal Challengers Bangalore,bat,M Chinnaswamy Stadium
12.5,RR Pant,Iqbal Abdulla,{'wides': 1},CH Morris,"{'batsman': 0, 'extras': 1, 'total': 1}",0,1.0,0,0.0,0,0,0,0,0,0,1,1,Delhi Daredevils,Bangalore,2017-04-08,male,T20,0,Royal Challengers Bangalore,runs,15,0,0,0,0,KM Jadhav,20,Royal Challengers Bangalore,Delhi Daredevils,Royal Challengers Bangalore,bat,M Chinnaswamy Stadium
12.6,RR Pant,Iqbal Abdulla,0,CH Morris,"{'batsman': 1, 'extras': 0, 'total': 1}",0,0.0,0,0.0,0,0,0,0,0,1,0,1,Delhi Daredevils,Bangalore,2017-04-08,male,T20,0,Royal Challengers Bangalore,runs,15,0,0,0,0,KM Jadhav,20,Royal Challengers Bangalore,Delhi Daredevils,Royal Challengers Bangalore,bat,M Chinnaswamy Stadium
12.7,CH Morris,Iqbal Abdulla,0,RR Pant,"{'batsman': 0, 'extras': 0, 'total': 0}","{'kind': 'lbw', 'player_out': 'CH Morris'}",0.0,0,0.0,0,0,lbw,CH Morris,0,0,0,0,Delhi Daredevils,Bangalore,2017-04-08,male,T20,0,Royal Challengers Bangalore,runs,15,0,0,0,0,KM Jadhav,20,Royal Challengers Bangalore,Delhi Daredevils,Royal Challengers Bangalore,bat,M Chinnaswamy Stadium
13.1,RR Pant,SR Watson,0,CR Brathwaite,"{'batsman': 2, 'extras': 0, 'total': 2}",0,0.0,0,0.0,0,0,0,0,0,2,0,2,Delhi Daredevils,Bangalore,2017-04-08,male,T20,0,Royal Challengers Bangalore,runs,15,0,0,0,0,KM Jadhav,20,Royal Challengers Bangalore,Delhi Daredevils,Royal Challengers Bangalore,bat,M Chinnaswamy Stadium
13.2,RR Pant,SR Watson,0,CR Brathwaite,"{'batsman': 1, 'extras': 0, 'total': 1}",0,0.0,0,0.0,0,0,0,0,0,1,0,1,Delhi Daredevils,Bangalore,2017-04-08,male,T20,0,Royal Challengers Bangalore,runs,15,0,0,0,0,KM Jadhav,20,Royal Challengers Bangalore,Delhi Daredevils,Royal Challengers Bangalore,bat,M Chinnaswamy Stadium
13.3,CR Brathwaite,SR Watson,0,RR Pant,"{'batsman': 0, 'extras': 0, 'total': 0}",0,0.0,0,0.0,0,0,0,0,0,0,0,0,Delhi Daredevils,Bangalore,2017-04-08,male,T20,0,Royal Challengers Bangalore,runs,15,0,0,0,0,KM Jadhav,20,Royal Challengers Bangalore,Delhi Daredevils,Royal Challengers Bangalore,bat,M Chinnaswamy Stadium
13.4,CR Brathwaite,SR Watson,0,RR Pant,"{'batsman': 0, 'extras': 0, 'total': 0}",0,0.0,0,0.0,0,0,0,0,0,0,0,0,Delhi Daredevils,Bangalore,2017-04-08,male,T20,0,Royal Challengers Bangalore,runs,15,0,0,0,0,KM Jadhav,20,Royal Challengers Bangalore,Delhi Daredevils,Royal Challengers Bangalore,bat,M Chinnaswamy Stadium
13.5,CR Brathwaite,SR Watson,0,RR Pant,"{'batsman': 1, 'extras': 0, 'total': 1}",0,0.0,0,0.0,0,0,0,0,0,1,0,1,Delhi Daredevils,Bangalore,2017-04-08,male,T20,0,Royal Challengers Bangalore,runs,15,0,0,0,0,KM Jadhav,20,Royal Challengers Bangalore,Delhi Daredevils,Royal Challengers Bangalore,bat,M Chinnaswamy Stadium
13.6,RR Pant,SR Watson,0,CR Brathwaite,"{'batsman': 1, 'extras': 0, 'total': 1}",0,0.0,0,0.0,0,0,0,0,0,1,0,1,Delhi Daredevils,Bangalore,2017-04-08,male,T20,0,Royal Challengers Bangalore,runs,15,0,0,0,0,KM Jadhav,20,Royal Challengers Bangalore,Delhi Daredevils,Royal Challengers Bangalore,bat,M Chinnaswamy Stadium
14.1,RR Pant,YS Chahal,0,CR Brathwaite,"{'batsman': 0, 'extras': 0, 'total': 0}",0,0.0,0,0.0,0,0,0,0,0,0,0,0,Delhi Daredevils,Bangalore,2017-04-08,male,T20,0,Royal Challengers Bangalore,runs,15,0,0,0,0,KM Jadhav,20,Royal Challengers Bangalore,Delhi Daredevils,Royal Challengers Bangalore,bat,M Chinnaswamy Stadium
14.2,RR Pant,YS Chahal,0,CR Brathwaite,"{'batsman': 0, 'extras': 0, 'total': 0}",0,0.0,0,0.0,0,0,0,0,0,0,0,0,Delhi Daredevils,Bangalore,2017-04-08,male,T20,0,Royal Challengers Bangalore,runs,15,0,0,0,0,KM Jadhav,20,Royal Challengers Bangalore,Delhi Daredevils,Royal Challengers Bangalore,bat,M Chinnaswamy Stadium
14.3,RR Pant,YS Chahal,0,CR Brathwaite,"{'batsman': 1, 'extras': 0, 'total': 1}",0,0.0,0,0.0,0,0,0,0,0,1,0,1,Delhi Daredevils,Bangalore,2017-04-08,male,T20,0,Royal Challengers Bangalore,runs,15,0,0,0,0,KM Jadhav,20,Royal Challengers Bangalore,Delhi Daredevils,Royal Challengers Bangalore,bat,M Chinnaswamy Stadium
14.4,CR Brathwaite,YS Chahal,0,RR Pant,"{'batsman': 0, 'extras': 0, 'total': 0}",0,0.0,0,0.0,0,0,0,0,0,0,0,0,Delhi Daredevils,Bangalore,2017-04-08,male,T20,0,Royal Challengers Bangalore,runs,15,0,0,0,0,KM Jadhav,20,Royal Challengers Bangalore,Delhi Daredevils,Royal Challengers Bangalore,bat,M Chinnaswamy Stadium
14.5,CR Brathwaite,YS Chahal,0,RR Pant,"{'batsman': 0, 'extras': 0, 'total': 0}","{'kind': 'bowled', 'player_out': 'CR Brathwaite'}",0.0,0,0.0,0,0,bowled,CR Brathwaite,0,0,0,0,Delhi Daredevils,Bangalore,2017-04-08,male,T20,0,Royal Challengers Bangalore,runs,15,0,0,0,0,KM Jadhav,20,Royal Challengers Bangalore,Delhi Daredevils,Royal Challengers Bangalore,bat,M Chinnaswamy Stadium
14.6,PJ Cummins,YS Chahal,0,RR Pant,"{'batsman': 0, 'extras': 0, 'total': 0}",0,0.0,0,0.0,0,0,0,0,0,0,0,0,Delhi Daredevils,Bangalore,2017-04-08,male,T20,0,Royal Challengers Bangalore,runs,15,0,0,0,0,KM Jadhav,20,Royal Challengers Bangalore,Delhi Daredevils,Royal Challengers Bangalore,bat,M Chinnaswamy Stadium
15.1,RR Pant,TS Mills,0,PJ Cummins,"{'batsman': 4, 'extras': 0, 'total': 4}",0,0.0,0,0.0,0,0,0,0,0,4,0,4,Delhi Daredevils,Bangalore,2017-04-08,male,T20,0,Royal Challengers Bangalore,runs,15,0,0,0,0,KM Jadhav,20,Royal Challengers Bangalore,Delhi Daredevils,Royal Challengers Bangalore,bat,M Chinnaswamy Stadium
15.2,RR Pant,TS Mills,0,PJ Cummins,"{'batsman': 1, 'extras': 0, 'total': 1}",0,0.0,0,0.0,0,0,0,0,0,1,0,1,Delhi Daredevils,Bangalore,2017-04-08,male,T20,0,Royal Challengers Bangalore,runs,15,0,0,0,0,KM Jadhav,20,Royal Challengers Bangalore,Delhi Daredevils,Royal Challengers Bangalore,bat,M Chinnaswamy Stadium
15.3,PJ Cummins,TS Mills,0,RR Pant,"{'batsman': 1, 'extras': 0, 'total': 1}",0,0.0,0,0.0,0,0,0,0,0,1,0,1,Delhi Daredevils,Bangalore,2017-04-08,male,T20,0,Royal Challengers Bangalore,runs,15,0,0,0,0,KM Jadhav,20,Royal Challengers Bangalore,Delhi Daredevils,Royal Challengers Bangalore,bat,M Chinnaswamy Stadium
15.4,RR Pant,TS Mills,0,PJ Cummins,"{'batsman': 1, 'extras': 0, 'total': 1}",0,0.0,0,0.0,0,0,0,0,0,1,0,1,Delhi Daredevils,Bangalore,2017-04-08,male,T20,0,Royal Challengers Bangalore,runs,15,0,0,0,0,KM Jadhav,20,Royal Challengers Bangalore,Delhi Daredevils,Royal Challengers Bangalore,bat,M Chinnaswamy Stadium
15.5,PJ Cummins,TS Mills,0,RR Pant,"{'batsman': 0, 'extras': 0, 'total': 0}",0,0.0,0,0.0,0,0,0,0,0,0,0,0,Delhi Daredevils,Bangalore,2017-04-08,male,T20,0,Royal Challengers Bangalore,runs,15,0,0,0,0,KM Jadhav,20,Royal Challengers Bangalore,Delhi Daredevils,Royal Challengers Bangalore,bat,M Chinnaswamy Stadium
15.6,PJ Cummins,TS Mills,0,RR Pant,"{'batsman': 1, 'extras': 0, 'total': 1}",0,0.0,0,0.0,0,0,0,0,0,1,0,1,Delhi Daredevils,Bangalore,2017-04-08,male,T20,0,Royal Challengers Bangalore,runs,15,0,0,0,0,KM Jadhav,20,Royal Challengers Bangalore,Delhi Daredevils,Royal Challengers Bangalore,bat,M Chinnaswamy Stadium
16.1,PJ Cummins,SR Watson,0,RR Pant,"{'batsman': 4, 'extras': 0, 'total': 4}",0,0.0,0,0.0,0,0,0,0,0,4,0,4,Delhi Daredevils,Bangalore,2017-04-08,male,T20,0,Royal Challengers Bangalore,runs,15,0,0,0,0,KM Jadhav,20,Royal Challengers Bangalore,Delhi Daredevils,Royal Challengers Bangalore,bat,M Chinnaswamy Stadium
16.2,PJ Cummins,SR Watson,0,RR Pant,"{'batsman': 0, 'extras': 0, 'total': 0}","{'kind': 'bowled', 'player_out': 'PJ Cummins'}",0.0,0,0.0,0,0,bowled,PJ Cummins,0,0,0,0,Delhi Daredevils,Bangalore,2017-04-08,male,T20,0,Royal Challengers Bangalore,runs,15,0,0,0,0,KM Jadhav,20,Royal Challengers Bangalore,Delhi Daredevils,Royal Challengers Bangalore,bat,M Chinnaswamy Stadium
16.3,A Mishra,SR Watson,0,RR Pant,"{'batsman': 0, 'extras': 0, 'total': 0}",0,0.0,0,0.0,0,0,0,0,0,0,0,0,Delhi Daredevils,Bangalore,2017-04-08,male,T20,0,Royal Challengers Bangalore,runs,15,0,0,0,0,KM Jadhav,20,Royal Challengers Bangalore,Delhi Daredevils,Royal Challengers Bangalore,bat,M Chinnaswamy Stadium
16.4,A Mishra,SR Watson,0,RR Pant,"{'batsman': 0, 'extras': 0, 'total': 0}",0,0.0,0,0.0,0,0,0,0,0,0,0,0,Delhi Daredevils,Bangalore,2017-04-08,male,T20,0,Royal Challengers Bangalore,runs,15,0,0,0,0,KM Jadhav,20,Royal Challengers Bangalore,Delhi Daredevils,Royal Challengers Bangalore,bat,M Chinnaswamy Stadium
16.5,A Mishra,SR Watson,0,RR Pant,"{'batsman': 1, 'extras': 0, 'total': 1}",0,0.0,0,0.0,0,0,0,0,0,1,0,1,Delhi Daredevils,Bangalore,2017-04-08,male,T20,0,Royal Challengers Bangalore,runs,15,0,0,0,0,KM Jadhav,20,Royal Challengers Bangalore,Delhi Daredevils,Royal Challengers Bangalore,bat,M Chinnaswamy Stadium
16.6,RR Pant,SR Watson,0,A Mishra,"{'batsman': 0, 'extras': 0, 'total': 0}",0,0.0,0,0.0,0,0,0,0,0,0,0,0,Delhi Daredevils,Bangalore,2017-04-08,male,T20,0,Royal Challengers Bangalore,runs,15,0,0,0,0,KM Jadhav,20,Royal Challengers Bangalore,Delhi Daredevils,Royal Challengers Bangalore,bat,M Chinnaswamy Stadium
17.1,A Mishra,TS Mills,0,RR Pant,"{'batsman': 2, 'extras': 0, 'total': 2}",0,0.0,0,0.0,0,0,0,0,0,2,0,2,Delhi Daredevils,Bangalore,2017-04-08,male,T20,0,Royal Challengers Bangalore,runs,15,0,0,0,0,KM Jadhav,20,Royal Challengers Bangalore,Delhi Daredevils,Royal Challengers Bangalore,bat,M Chinnaswamy Stadium
17.2,A Mishra,TS Mills,0,RR Pant,"{'batsman': 1, 'extras': 0, 'total': 1}",0,0.0,0,0.0,0,0,0,0,0,1,0,1,Delhi Daredevils,Bangalore,2017-04-08,male,T20,0,Royal Challengers Bangalore,runs,15,0,0,0,0,KM Jadhav,20,Royal Challengers Bangalore,Delhi Daredevils,Royal Challengers Bangalore,bat,M Chinnaswamy Stadium
17.3,RR Pant,TS Mills,0,A Mishra,"{'batsman': 1, 'extras': 0, 'total': 1}",0,0.0,0,0.0,0,0,0,0,0,1,0,1,Delhi Daredevils,Bangalore,2017-04-08,male,T20,0,Royal Challengers Bangalore,runs,15,0,0,0,0,KM Jadhav,20,Royal Challengers Bangalore,Delhi Daredevils,Royal Challengers Bangalore,bat,M Chinnaswamy Stadium
17.4,A Mishra,TS Mills,0,RR Pant,"{'batsman': 0, 'extras': 0, 'total': 0}",0,0.0,0,0.0,0,0,0,0,0,0,0,0,Delhi Daredevils,Bangalore,2017-04-08,male,T20,0,Royal Challengers Bangalore,runs,15,0,0,0,0,KM Jadhav,20,Royal Challengers Bangalore,Delhi Daredevils,Royal Challengers Bangalore,bat,M Chinnaswamy Stadium
17.5,A Mishra,TS Mills,0,RR Pant,"{'batsman': 1, 'extras': 0, 'total': 1}",0,0.0,0,0.0,0,0,0,0,0,1,0,1,Delhi Daredevils,Bangalore,2017-04-08,male,T20,0,Royal Challengers Bangalore,runs,15,0,0,0,0,KM Jadhav,20,Royal Challengers Bangalore,Delhi Daredevils,Royal Challengers Bangalore,bat,M Chinnaswamy Stadium
17.6,RR Pant,TS Mills,0,A Mishra,"{'batsman': 6, 'extras': 0, 'total': 6}",0,0.0,0,0.0,0,0,0,0,0,6,0,6,Delhi Daredevils,Bangalore,2017-04-08,male,T20,0,Royal Challengers Bangalore,runs,15,0,0,0,0,KM Jadhav,20,Royal Challengers Bangalore,Delhi Daredevils,Royal Challengers Bangalore,bat,M Chinnaswamy Stadium
18.1,A Mishra,SR Watson,0,RR Pant,"{'batsman': 0, 'extras': 0, 'total': 0}",0,0.0,0,0.0,0,0,0,0,0,0,0,0,Delhi Daredevils,Bangalore,2017-04-08,male,T20,0,Royal Challengers Bangalore,runs,15,0,0,0,0,KM Jadhav,20,Royal Challengers Bangalore,Delhi Daredevils,Royal Challengers Bangalore,bat,M Chinnaswamy Stadium
18.2,A Mishra,SR Watson,0,RR Pant,"{'batsman': 1, 'extras': 0, 'total': 1}",0,0.0,0,0.0,0,0,0,0,0,1,0,1,Delhi Daredevils,Bangalore,2017-04-08,male,T20,0,Royal Challengers Bangalore,runs,15,0,0,0,0,KM Jadhav,20,Royal Challengers Bangalore,Delhi Daredevils,Royal Challengers Bangalore,bat,M Chinnaswamy Stadium
18.3,RR Pant,SR Watson,0,A Mishra,"{'batsman': 1, 'extras': 0, 'total': 1}",0,0.0,0,0.0,0,0,0,0,0,1,0,1,Delhi Daredevils,Bangalore,2017-04-08,male,T20,0,Royal Challengers Bangalore,runs,15,0,0,0,0,KM Jadhav,20,Royal Challengers Bangalore,Delhi Daredevils,Royal Challengers Bangalore,bat,M Chinnaswamy Stadium
18.4,A Mishra,SR Watson,0,RR Pant,"{'batsman': 0, 'extras': 0, 'total': 0}",0,0.0,0,0.0,0,0,0,0,0,0,0,0,Delhi Daredevils,Bangalore,2017-04-08,male,T20,0,Royal Challengers Bangalore,runs,15,0,0,0,0,KM Jadhav,20,Royal Challengers Bangalore,Delhi Daredevils,Royal Challengers Bangalore,bat,M Chinnaswamy Stadium
18.5,A Mishra,SR Watson,0,RR Pant,"{'batsman': 0, 'extras': 0, 'total': 0}",0,0.0,0,0.0,0,0,0,0,0,0,0,0,Delhi Daredevils,Bangalore,2017-04-08,male,T20,0,Royal Challengers Bangalore,runs,15,0,0,0,0,KM Jadhav,20,Royal Challengers Bangalore,Delhi Daredevils,Royal Challengers Bangalore,bat,M Chinnaswamy Stadium
18.6,A Mishra,SR Watson,0,RR Pant,"{'batsman': 0, 'extras': 0, 'total': 0}",0,0.0,0,0.0,0,0,0,0,0,0,0,0,Delhi Daredevils,Bangalore,2017-04-08,male,T20,0,Royal Challengers Bangalore,runs,15,0,0,0,0,KM Jadhav,20,Royal Challengers Bangalore,Delhi Daredevils,Royal Challengers Bangalore,bat,M Chinnaswamy Stadium
19.1,RR Pant,P Negi,0,A Mishra,"{'batsman': 0, 'extras': 0, 'total': 0}","{'kind': 'bowled', 'player_out': 'RR Pant'}",0.0,0,0.0,0,0,bowled,RR Pant,0,0,0,0,Delhi Daredevils,Bangalore,2017-04-08,male,T20,0,Royal Challengers Bangalore,runs,15,0,0,0,0,KM Jadhav,20,Royal Challengers Bangalore,Delhi Daredevils,Royal Challengers Bangalore,bat,M Chinnaswamy Stadium
19.2,S Nadeem,P Negi,0,A Mishra,"{'batsman': 0, 'extras': 0, 'total': 0}",0,0.0,0,0.0,0,0,0,0,0,0,0,0,Delhi Daredevils,Bangalore,2017-04-08,male,T20,0,Royal Challengers Bangalore,runs,15,0,0,0,0,KM Jadhav,20,Royal Challengers Bangalore,Delhi Daredevils,Royal Challengers Bangalore,bat,M Chinnaswamy Stadium
19.3,S Nadeem,P Negi,0,A Mishra,"{'batsman': 0, 'extras': 0, 'total': 0}","{'kind': 'caught and bowled', 'player_out': 'S Nadeem'}",0.0,0,0.0,0,0,caught and bowled,S Nadeem,0,0,0,0,Delhi Daredevils,Bangalore,2017-04-08,male,T20,0,Royal Challengers Bangalore,runs,15,0,0,0,0,KM Jadhav,20,Royal Challengers Bangalore,Delhi Daredevils,Royal Challengers Bangalore,bat,M Chinnaswamy Stadium
19.4,A Mishra,P Negi,0,Z Khan,"{'batsman': 1, 'extras': 0, 'total': 1}",0,0.0,0,0.0,0,0,0,0,0,1,0,1,Delhi Daredevils,Bangalore,2017-04-08,male,T20,0,Royal Challengers Bangalore,runs,15,0,0,0,0,KM Jadhav,20,Royal Challengers Bangalore,Delhi Daredevils,Royal Challengers Bangalore,bat,M Chinnaswamy Stadium
19.5,Z Khan,P Negi,0,A Mishra,"{'batsman': 1, 'extras': 0, 'total': 1}",0,0.0,0,0.0,0,0,0,0,0,1,0,1,Delhi Daredevils,Bangalore,2017-04-08,male,T20,0,Royal Challengers Bangalore,runs,15,0,0,0,0,KM Jadhav,20,Royal Challengers Bangalore,Delhi Daredevils,Royal Challengers Bangalore,bat,M Chinnaswamy Stadium
19.6,A Mishra,P Negi,0,Z Khan,"{'batsman': 1, 'extras': 0, 'total': 1}",0,0.0,0,0.0,0,0,0,0,0,1,0,1,Delhi Daredevils,Bangalore,2017-04-08,male,T20,0,Royal Challengers Bangalore,runs,15,0,0,0,0,KM Jadhav,20,Royal Challengers Bangalore,Delhi Daredevils,Royal Challengers Bangalore,bat,M Chinnaswamy Stadium
